tanggal,Trading_Port,Investing_Port,Hybrid_Port,IHSG
2022-01-03,1000000000.0,1000000000.0,1000000000.0,1012002007.6123204
2022-01-04,1017633785.7200875,1017633785.7200875,1017633785.7200875,1016566805.0050932
2022-01-05,1009084379.8410151,1009084379.8410151,1009084379.8410151,1011545105.295856
2022-01-06,1010784662.4475298,1010784662.4475298,1010784662.4475298,1010186556.7076344
2022-01-07,1023863951.0321839,1023863951.0321839,1023863951.0321839,1017469118.5039879
2022-01-10,1017836413.90599,1017836413.90599,1017836413.90599,1015921670.499516
2022-01-11,1017827010.4248616,1017877007.677026,1017877007.677026,1009369574.1459864
2022-01-12,1022908990.9655963,1022895254.7091093,1022895254.7091093,1009232125.3556693
2022-01-13,1026354369.4884605,1026347985.0142616,1026347985.0142616,1010946454.2808553
2022-01-14,1034021889.539564,1034065948.2851119,1034065948.2851119,1016267368.29307
2022-01-17,1035911156.295481,1035962677.1036838,1035962677.1036838,1008925868.0995741
2022-01-18,1030236128.8683844,1034100731.3302665,1034100731.3302665,1004220804.735237
2022-01-19,1019021885.7937001,1025607813.2676876,1025607813.2676876,1000868655.5966272
2022-01-20,1021774340.9363183,1032553279.9451764,1032553279.9451764,1006166068.3863335
2022-01-21,1040076819.6135572,1048921068.7928915,1048921068.7928915,1021273573.5054483
2022-01-24,1028762210.0440859,1038015907.1645279,1038015907.1645279,1010462121.5154064
2022-01-25,988281394.76228,1024143868.5747229,1024143868.5747229,997253841.3749032
2022-01-26,1010031715.3120955,1044623980.3798225,1044623980.3798225,1002210523.5064121
2022-01-27,1003419976.8991288,1048197984.130152,1048197984.130152,1003780805.506255
2022-01-28,1017433955.2815193,1058707506.9532249,1058707506.9532249,1008996223.494402
2022-01-31,1014558272.4633795,1037692885.974061,1037692885.974061,1006815873.481873
2022-02-02,1000921328.3356687,1042956783.3305475,1042956783.3305475,1018431111.7635111
2022-02-03,1006702648.9380387,1043124079.1141496,1039942625.6123949,1014817409.5870161
2022-02-04,1007864923.8855821,1049396585.7904727,1044054046.3657408,1022035472.7600815
2022-02-07,1021112489.5344715,1066172205.5426747,1066334461.0923811,1033202037.8599505
2022-02-08,1036192793.2373872,1070214826.5311475,1075344858.5579638,1030861553.3344307
2022-02-09,1047863933.3650033,1082800333.3598373,1087385302.1084845,1037706710.6740032
2022-02-10,1047058842.9549532,1091698639.4945633,1086610366.9940197,1036042053.1023839
2022-02-11,1048751601.6263607,1092911911.5860438,1088323639.762454,1034822065.3497087
2022-02-14,1038536982.3513486,1087102064.7100136,1077812457.6869147,1022505348.9375521
2022-02-15,1038629227.0886447,1102513582.4109511,1097301295.59124,1033590734.7356966
2022-02-16,1027717754.3848897,1103517503.1788914,1099460622.3816204,1040074106.6940676
2022-02-17,1023095205.7340628,1099562881.467336,1093041723.9577868,1037784331.4309947
2022-02-18,1030401049.9686466,1103394055.4144773,1105234932.6280284,1046545097.8822211
2022-02-21,1021299676.5801108,1103465984.5937717,1114017214.7373097,1048085725.3426212
2022-02-22,1030232985.0920228,1091988840.9078262,1102119963.0011709,1041865092.6037132
2022-02-23,1042937713.6362661,1106051206.9767709,1114325859.3155205,1050680719.9529086
2022-02-24,1032262928.2284489,1086922209.2578244,1085643998.852564,1035158051.2815951
2022-02-25,1045495839.51623,1106380037.9100049,1106636287.1747758,1045839542.2525293
2022-03-01,1049842825.4437848,1107410085.0888057,1124202843.11691,1050890970.6375579
2022-03-02,1043047076.1033452,1115986010.6117597,1117937499.1282585,1042837983.9064815
2022-03-04,1065739154.1622369,1126677153.2238386,1136998090.778957,1051936663.8346583
2022-03-07,1082661280.128095,1119936326.1181293,1148575760.0686972,1042938809.3405869
2022-03-08,1050586195.2627218,1113395953.2834718,1129965874.66049,1034605883.7571709
2022-03-09,1069663192.3306154,1134714449.9265583,1150400614.1966767,1042236589.8465823
2022-03-10,1061642284.5337214,1132655727.4848003,1141076125.371339,1051280705.4221843
2022-03-11,1073862179.1201453,1142312416.4792368,1154254057.2382143,1051067266.8745451
2022-03-14,1058244673.3213947,1137787467.048188,1134594910.1777632,1055561783.0088387
2022-03-15,1058290139.3676983,1126731639.94792,1115174366.0959558,1050396629.465047
2022-03-16,1085557904.57727,1154933762.047177,1141795842.078091,1061664019.9990215
2022-03-17,1077768961.4863253,1147172764.6950126,1139604668.2571156,1057411188.3611865
2022-03-18,1073857384.0430586,1143323297.4544122,1143097524.9693189,1055980949.9238621
2022-03-21,1080334587.2287102,1150387806.483754,1145816502.841551,1056013792.3262949
2022-03-22,1082688294.8958678,1152392690.8337896,1147795497.3044395,1062943465.1032795
2022-03-23,1076321202.8129153,1145814088.042435,1142517479.8183315,1062228864.8390574
2022-03-24,1093584590.9938545,1164908466.1001227,1166833976.2166634,1070362437.7810695
2022-03-25,1087405392.2107098,1157502259.0836942,1147369449.6317365,1063203164.7324494
2022-03-28,1112732852.6151226,1185238983.1454773,1174747016.975162,1070349982.8745036
2022-03-29,1093581345.0375419,1170401257.064138,1149770298.70745,1064593443.6778747
2022-03-30,1111845199.9445336,1189163469.3261142,1151881274.6716328,1070894588.4913698
2022-03-31,1102442562.849321,1178231725.4947257,1142914366.4577603,1073665805.2022959
2022-04-01,1099573499.990593,1181208216.5285122,1146459957.445291,1074776886.6588676
2022-04-04,1107687336.4699574,1195892349.8273377,1150136828.5013573,1080464182.5058978
2022-04-05,1121143755.0679276,1208171291.1740804,1162381963.3171704,1085335088.8820684
2022-04-06,1111418352.6761858,1197870950.8752449,1146003008.039365,1078641911.0571399
2022-04-07,1107856087.0904176,1193961191.9204795,1142823593.7095084,1082157011.8899877
2022-04-08,1127604534.1982517,1215483128.6282668,1154863458.9463592,1094830027.593549
2022-04-11,1112457832.589007,1199208244.4318469,1127954913.5508385,1093760981.4466374
2022-04-12,1102040443.428812,1204942067.544722,1131747008.777389,1095429123.4266415
2022-04-13,1115964401.0657907,1213581435.2948658,1130341120.1990366,1102716429.9493058
2022-04-14,1114654683.2534194,1207920887.9941175,1122233181.4022698,1098579844.1060863
2022-04-18,1137057527.9874551,1214234892.541077,1143206534.6761043,1104616173.8823576
2022-04-19,1099124440.6860523,1201485497.2761176,1136513433.1824937,1093068325.541603
2022-04-20,1111142409.3179176,1223344224.1276844,1160883362.76749,1097339320.584847
2022-04-21,1129578183.6736968,1239820376.774767,1174787303.6259515,1104753400.263629
2022-04-22,1131047574.0260932,1243002089.5567613,1174170949.5841649,1097072726.2752564
2022-04-25,1149392479.955016,1262383759.4553845,1192931558.4867237,1095611054.0261228
2022-04-26,1160022638.964949,1297091948.3020532,1209922765.7219741,1098066746.437378
2022-04-27,1136914837.6806235,1288560619.2822409,1204434019.0855942,1092693640.4357438
2022-04-28,1136240987.1160793,1313986834.0487473,1222609653.4373906,1097575000.0370684
2022-05-09,1096208725.8055725,1272808712.18355,1192372242.9115396,1049116072.31556
2022-05-10,1101378904.4261975,1300303958.7327778,1198730623.163757,1035457784.5390129
2022-05-11,1112699620.1223853,1313696423.78269,1211078630.6412768,1034912585.8313577
2022-05-12,1063244660.6580515,1255322975.4620845,1157260858.8809495,1002061880.1274554
2022-05-13,1068025004.832923,1260990487.2531319,1162486264.9784446,1001781496.457024
2022-05-17,1076651840.6828551,1271167270.328691,1171868872.587673,1008837645.8447319
2022-05-18,1147009520.8520706,1354168812.1896174,1248391091.043739,1031452494.1691762
2022-05-19,1158656960.245197,1367871045.8565285,1261022793.802855,1035995421.3391101
2022-05-20,1194162895.389265,1409758987.6886008,1299640520.9694812,1050390402.011764
2022-05-23,1173471492.05621,1385339241.2853959,1277127075.5917127,1038643349.302303
2022-05-24,1190678650.927511,1399840870.5869052,1290496466.3552566,1049782632.2258847
2022-05-25,1185219279.5763001,1393925709.2355583,1285042996.7645957,1045130947.0325445
2022-05-27,1209100668.8818533,1420823769.6588867,1309841734.1613119,1066805153.3658645
2022-05-30,1206164408.3240848,1416520200.985309,1305873965.968134,1068522225.335949
2022-05-31,1210428018.9219162,1420120740.044789,1309194006.1385684,1085437026.361403
2022-06-02,1229026802.224144,1449334996.8030272,1336126612.2020159,1085399513.3690078
2022-06-03,1235704817.6058598,1455408140.1313214,1357363653.835713,1090597879.9969754
2022-06-06,1211274474.0040877,1427861354.778677,1362454655.9677272,1077482863.3830197
2022-06-07,1231604432.023332,1450304469.3902514,1377792658.534852,1084233719.2871642
2022-06-08,1263429966.6942098,1482710464.9023597,1412275240.6140223,1092169792.9964876
2022-06-09,1242307424.4365559,1470247405.825912,1385783760.780159,1090578011.4555488
2022-06-10,1203873432.6065955,1438941924.7133026,1339935412.046665,1075974559.3706121
2022-06-13,1188496069.2459424,1439343468.4301128,1299144320.1590102,1062126630.8143286
2022-06-14,1208731052.5364351,1453260706.4254909,1331101498.3113644,1070392314.7295581
2022-06-15,1184124246.6826358,1446495421.1919951,1311487220.3749704,1063889074.2297605
2022-06-16,1201507035.3040445,1451054291.457766,1332781456.0486045,1070459778.8067904
2022-06-17,1177398149.4189343,1418624529.2298162,1308017128.2801986,1053248284.1142116
2022-06-20,1192398064.2494678,1447079907.33321,1342133897.2519512,1059231977.082972
2022-06-21,1211185161.124837,1463777714.084392,1364551779.4821482,1069510018.0447873
2022-06-22,1180910282.5603232,1438344579.12609,1332117524.7423978,1060436618.6114856
2022-06-23,1185915560.0335472,1446561430.8350878,1327231982.6016226,1062555583.7273681
2022-06-24,1181587898.822955,1453918326.4542418,1332135024.650515,1069337873.4433221
2022-06-27,1173491280.74497,1446012992.0339694,1323396879.2534103,1065256370.9071176
2022-06-28,1175720923.836777,1449560571.4641886,1334861082.116499,1062280612.0103852
2022-06-29,1159995515.3513315,1430508731.877343,1312682175.4308038,1054065785.6302999
2022-06-30,1149288872.5934267,1416656254.180328,1289110557.1036015,1049394083.6228359
2022-07-01,1137857398.4158165,1401185741.8885374,1262479470.2482655,1031591277.4137684
2022-07-04,1104345671.6784384,1360926501.820121,1242956572.547287,1008033711.2804387
2022-07-05,1136106934.3606467,1359683757.9097135,1262900751.8961048,1017765219.0803238
2022-07-06,1116967326.1714954,1341261749.3961687,1242238886.0866044,1009132708.5121874
2022-07-07,1115067297.0985634,1349752002.5374165,1240434246.459157,1010070533.3220648
2022-07-08,1118064449.8381243,1354964737.1324725,1243301455.3377442,1023375857.9428943
2022-07-11,1110806723.6098933,1339408819.6068869,1235123318.2431107,1020631626.8628612
2022-07-12,1103925696.6299014,1340599355.9325082,1238789507.4687016,1020046913.4813986
2022-07-13,1076367038.9235706,1310772744.8195682,1227964353.69059,1008309795.0426507
2022-07-14,1091239947.62601,1331098488.0609753,1254837637.9398901,1015764204.895075
2022-07-15,1070974520.5559626,1310785751.2119699,1237396058.7350736,1009966964.8430609
2022-07-18,1072110160.2850797,1314483843.9916553,1253741097.8486826,1011082642.7532462
2022-07-19,1073137148.6843789,1319007004.4231856,1257443280.5362165,1022749183.3881202
2022-07-20,1099143003.8470738,1354206886.5765412,1295056620.5531828,1043800792.6658394
2022-07-21,1090218830.7396567,1347702438.6896238,1292892050.5282478,1042189513.265217
2022-07-22,1090259914.9805677,1345483125.6558313,1286264021.878444,1045655980.6533786
2022-07-25,1084750522.0896373,1330859712.668253,1282836706.2107315,1041320486.9868468
2022-07-26,1074212581.9826648,1328781325.619466,1286480386.2480443,1043314013.4008864
2022-07-27,1070007754.0157046,1322282189.0942073,1283785536.0036998,1047364675.2160705
2022-07-28,1069660644.7165482,1319165381.8344069,1274819466.1447468,1056262149.094128
2022-07-29,1073194265.488327,1324446396.0437813,1295248832.3688338,1055397645.1330229
2022-08-01,1080537917.4683342,1335346745.1698613,1310611692.6679113,1058079008.5894375
2022-08-02,1089024369.1740851,1343872962.066348,1309188688.9298372,1061020590.6294621
2022-08-03,1102139996.7648473,1360055991.1790705,1324943391.8962247,1069899308.0113221
2022-08-04,1104439240.8421054,1362893582.9261613,1327708281.5531225,1071525933.6361063
2022-08-05,1119959027.5288062,1382047738.1883512,1346371899.796378,1075671934.7955987
2022-08-08,1115646163.3782403,1376729911.2448468,1341209082.1841605,1076005103.5462382
2022-08-09,1111968251.1999671,1380406171.209303,1344794488.1738963,1078439074.0073514
2022-08-10,1115311211.9505324,1388956669.8474512,1353125593.0037498,1075911988.292388
2022-08-11,1125687439.3085275,1409220438.5330298,1372848438.976718,1087170111.7827866
2022-08-12,1120830023.496636,1405895085.5881457,1369613640.9730089,1082446959.1493893
2022-08-15,1129453303.6419368,1405711758.8622088,1369432539.0790536,1076980886.1666024
2022-08-16,1149381181.6032915,1439193038.5435147,1402014900.1081996,1083081047.339024
2022-08-18,1160684520.713218,1452763293.8181095,1415223945.4703321,1091144042.4771624
2022-08-19,1151105873.71368,1440600764.9419181,1403372747.1743112,1088999574.457359
2022-08-22,1137248524.2871037,1424136599.2252703,1387349305.4008515,1079213872.9866421
2022-08-23,1148355492.3317058,1431521717.3654828,1394536559.3264296,1087607442.1032186
2022-08-24,1157793482.359085,1440640324.6770382,1403418627.0690296,1092381155.7263658
2022-08-25,1160096285.4225757,1438852532.9345179,1401679695.780539,1089268911.811848
2022-08-26,1145288393.3634624,1411966836.8583796,1375494625.353745,1083353572.556503
2022-08-29,1143108399.6305256,1412065145.7145371,1375587913.43581,1082867238.1096418
2022-08-30,1165988897.4647906,1427149954.0016901,1390281151.347734,1087031699.2199373
2022-08-31,1155969239.750215,1415308874.3600092,1378773590.4444606,1089934211.4042463
2022-09-01,1141397493.2959607,1397648942.836845,1361582684.5058136,1086064664.688709
2022-09-02,1144365428.4200234,1400379530.619919,1364230825.341617,1089720031.493121
2022-09-05,1145770889.0444977,1401916188.3141692,1365727822.2332664,1098025749.0365982
2022-09-06,1142524569.1117861,1398401265.6690505,1362303628.82361,1098218874.2247193
2022-09-07,1136439499.0349631,1390895725.6834705,1354991828.1905615,1091174215.9710455
2022-09-08,1140704239.215131,1396079544.461786,1360041828.0827587,1098046136.5324652
2022-09-09,1141973802.805725,1397836367.2064486,1361753311.7408576,1099661419.2959123
2022-09-12,1147895426.329646,1405251949.240403,1368977488.097309,1101454258.614273
2022-09-13,1174223353.209884,1430846545.641599,1393911426.186039,1111103475.0672047
2022-09-14,1165557253.820456,1419249119.6839828,1382613369.706015,1105039640.7056003
2022-09-15,1180594414.7622573,1425432242.6907516,1388636903.5790195,1109218484.2675257
2022-09-16,1159184558.6252556,1386420368.5825126,1350632073.677195,1088458453.2488773
2022-09-19,1171240590.2229977,1395799165.4221795,1359768792.4920828,1092499848.0204854
2022-09-20,1189236119.3085763,1424973761.8266125,1388190259.4222083,1092722034.6572604
2022-09-21,1191738835.2898805,1424401392.4221594,1387632670.4542735,1091410636.786753
2022-09-22,1198503759.7090728,1426238638.7722208,1389422492.5608537,1096055427.2996726
2022-09-23,1190163236.426012,1421757248.6768916,1385056779.13295,1089933173.4953659
2022-09-26,1171054872.9610732,1407630698.8846166,1371294892.1220844,1082177621.7949004
2022-09-27,1156084786.1739979,1399129275.6574578,1363012923.06301,1079891998.1673496
2022-09-28,1151824627.9927022,1400186120.7350338,1364042474.0075076,1074514369.8484507
2022-09-29,1152880333.259163,1395009108.5119123,1358999114.022875,1068314717.6961982
2022-09-30,1151086640.195185,1389999562.837862,1354118887.3332167,1069013082.1000752
2022-10-03,1147741040.6282341,1379487524.395501,1343878212.1073837,1064294155.2385486
2022-10-04,1151901713.9193907,1383413663.1765513,1351347212.2974973,1073789390.4954236
2022-10-05,1151718554.3525712,1380296978.0014956,1351123196.651183,1074264456.2172966
2022-10-06,1157807721.791941,1386453556.0769887,1358268722.78849,1074452465.9973638
2022-10-07,1144829191.5069504,1364292110.0236397,1343024544.167714,1066885220.6223599
2022-10-10,1138089677.6239724,1363275736.747176,1335135702.597203,1061967682.4829154
2022-10-11,1124240077.5955083,1341221752.672509,1311808501.7216444,1053579006.365347
2022-10-12,1115271248.8341463,1330551272.9536595,1306258680.121568,1049033780.9686064
2022-10-13,1113157955.4110203,1328055655.0529482,1302567786.8458946,1044693839.1211581
2022-10-14,1093118200.5212815,1304125017.3042133,1292299451.5828834,1034658520.5646819
2022-10-17,1106324532.4946787,1319884736.1272628,1297412875.7320328,1037176709.9178126
2022-10-18,1085815369.6174772,1323189968.7494245,1296149139.559846,1037689733.4501723
2022-10-19,1090303979.3157227,1356399054.0550187,1319603458.956303,1041625483.9250156
2022-10-20,1113058567.5316565,1371641348.2873168,1338766502.0817986,1059881040.8150254
2022-10-21,1121159940.8663678,1370347104.399723,1332808601.6071107,1065516886.0361223
2022-10-24,1156139348.190606,1382602108.2245812,1344808354.4435928,1070872421.7231364
2022-10-25,1132878289.5146098,1381008055.474551,1338047421.0789723,1070164271.3212433
2022-10-26,1133512229.251683,1376346450.7636182,1348738090.3000286,1069490001.2306635
2022-10-27,1137743277.751272,1386560418.1412022,1351814884.5715866,1076750915.2132237
2022-10-28,1115805997.2049508,1351755990.5339017,1317837822.3397663,1071327322.3581884
2022-10-31,1108291761.5100908,1337021353.7052205,1299799546.4028702,1077833305.9028845
2022-11-01,1076579707.0765576,1325270972.191637,1284297738.4695961,1070759956.8822998
2022-11-02,1083962238.2009523,1326938604.7641602,1289560028.0068567,1065200916.9183596
2022-11-03,1096392401.815143,1335596553.7687283,1297981076.26,1068067991.9280344
2022-11-04,1107965749.505085,1337909134.1921973,1300225418.0696137,1069731092.6363331
2022-11-07,1110193824.7872052,1343545933.901947,1305699551.5288925,1078365604.885882
2022-11-08,1108818829.8789182,1337140323.541945,1299470157.1866992,1070429382.9038615
2022-11-09,1115153776.4231393,1345214828.374112,1307318100.8847518,1073459632.0168202
2022-11-10,1100670965.122513,1326645250.3133256,1289266989.5928683,1057783501.1038903
2022-11-11,1123160066.5385582,1356213565.95385,1318018758.548479,1076362959.7009637
2022-11-14,1106503643.1740015,1335784335.3974466,1298169533.855988,1065763018.7134972
2022-11-15,1106811450.7706513,1336131609.9322224,1298513025.051719,1068208702.7176903
2022-11-16,1104614640.9826553,1347519743.6290286,1309588341.335362,1065002602.1858362
2022-11-17,1104427718.3080342,1354380465.6907876,1316248416.623655,1069648949.5620767
2022-11-18,1096681917.2654784,1366593877.046333,1328128000.690546,1075296360.0535562
2022-11-21,1090310498.374302,1344457562.93697,1306599557.4418833,1072421574.8636262
2022-11-22,1093391867.6910303,1328282716.7882094,1290882426.7391346,1067462891.050705
2022-11-23,1096515234.7928088,1318770992.6492822,1281637225.7764277,1071036263.0535576
2022-11-24,1103316813.7803588,1319493171.5310483,1282339308.0207033,1075043406.8321095
2022-11-25,1103375922.9238198,1316487486.5196269,1279419185.3358018,1070888509.3107841
2022-11-28,1110221033.7481673,1308499465.463462,1271649426.8938916,1065454166.6852008
2022-11-29,1111769742.8681777,1286436642.3525207,1250213982.1666226,1064651121.7570908
2022-11-30,1141155381.6808126,1305364546.1872132,1268615369.540646,1075164545.6257331
2022-12-01,1128238182.2129729,1276067846.3781939,1240123766.3087008,1065977272.7609712
2022-12-02,1115285038.3306804,1258274296.732703,1222841177.8492522,1065800531.7058923
2022-12-05,1104726572.8221202,1235666011.9891434,1200869521.012482,1060894707.1095277
2022-12-06,1088793959.0152032,1206634213.0753958,1172655236.3756683,1046507436.6171288
2022-12-07,1074219683.5594501,1175867913.1919696,1142755292.368993,1035299577.5710857
2022-12-08,1066063894.1388657,1160168786.1328766,1127498234.6307745,1033094243.6090761
2022-12-09,1058276430.4617337,1148592698.0078595,1116248109.2427971,1019564730.6700592
2022-12-12,1069867626.8267332,1144212648.7941248,1111991391.3767502,1022500233.5294982
2022-12-13,1084336420.9497428,1179265501.1574106,1146057188.2917564,1034018723.8762043
2022-12-14,1080886117.0717657,1162910558.2432642,1130162776.2865496,1032718001.6398962
2022-12-15,1068280920.3204566,1161468977.3656187,1128761794.8863444,1025143268.493683
2022-12-16,1082039109.164704,1179013590.1507246,1145812373.3061037,1034303704.0002491
2022-12-19,1071977134.1875783,1152577347.27591,1120120551.0563908,1029370004.1368084
2022-12-20,1050794667.6967022,1144124555.6666403,1111905775.6345243,1027641811.7144328
2022-12-21,1055829074.5886747,1148514206.475799,1116171820.7789998,1035589747.2395332
2022-12-22,1060749465.3267274,1154082980.5519373,1121583774.774667,1036162005.7144299
2022-12-23,1047962172.1372701,1138563981.06492,1106501782.8017912,1032554605.1275665
2022-12-26,1033772130.0314635,1128504795.9021924,1096725852.2702942,1037889234.3642735
2022-12-27,1060682061.2746358,1149331550.0717063,1116966154.088681,1051131765.4978331
2022-12-28,1056651102.8073871,1144500165.2378044,1112270822.0636485,1040122962.5477995
2022-12-29,1069910256.1139047,1153916185.7205343,1121421700.6838186,1041574033.2990824
2022-12-30,1053905548.3850727,1141110903.5708835,1108976988.5449193,1040138012.2265667
2023-01-02,1055300513.9372711,1140467754.478745,1108351951.782515,1040193392.078976
2023-01-03,1057939407.5766375,1145316445.3938382,1113064099.539586,1045928654.1435548
2023-01-04,1055765771.6137407,1142961427.0062451,1110775398.957198,1034462504.0589652
2023-01-05,1033001650.6114426,1118317201.2511148,1086825159.6011894,1010260915.4652872
2023-01-06,1043015983.7904687,1129156978.409463,1097359686.4431522,1014924759.019799
2023-01-09,1040670178.000915,1126619673.1144364,1094893832.1693769,1015487602.1784226
2023-01-10,1026319127.1733711,1113093917.0673254,1081748964.1863966,1005502251.5209073
2023-01-11,1017484127.9626856,1100169490.8972268,1069188492.4879127,999725695.5101545
2023-01-12,1027424715.7871392,1119420005.5532973,1087896908.7432835,1006631125.7011446
2023-01-13,1024477706.024791,1143481488.2899423,1111280815.270416,1008437309.5622545
2023-01-16,1034779931.857702,1158661917.4383018,1126033760.4497328,1015456020.093916
2023-01-17,1050877686.764731,1182133829.2208567,1148844698.4543343,1027493613.1535676
2023-01-18,1058744950.9412749,1186166398.4888563,1152763709.7488208,1027257711.2923005
2023-01-19,1082659339.6668015,1199186686.3269112,1165417343.631129,1035474984.1718897
2023-01-20,1089229031.3132524,1200350779.9735024,1166548656.1562536,1043829335.160053
2023-01-24,1095848575.6612678,1213494028.800123,1179321788.447885,1041691984.2297161
2023-01-25,1093682987.952138,1210397019.4748528,1176311991.523577,1036996780.9997436
2023-01-26,1088419481.0775633,1218189575.9717026,1183885108.025605,1042293823.1077069
2023-01-27,1093785215.6241086,1227636623.9906597,1193066125.2581341,1047480846.8743376
2023-01-30,1077733412.682508,1211886756.8177361,1177759777.5315862,1043457318.9627436
2023-01-31,1065885894.0300553,1199789506.6512847,1166003188.3916845,1038425759.1191417
2023-02-01,1066425483.4918766,1200887919.7773001,1167070669.9867404,1041905126.2319609
2023-02-02,1086920772.2366743,1223863151.5053377,1189398914.4760017,1046204070.6786294
2023-02-03,1094033127.5972867,1232018373.2821038,1197324483.5371282,1049416843.4818581
2023-02-06,1089250157.8737338,1226513704.322189,1191974827.1826391,1043656226.7860559
2023-02-07,1105663500.4068177,1244864532.4907606,1209808892.2712379,1052995330.8927648
2023-02-08,1107003184.0612617,1245898557.6897404,1210813799.1088276,1053727649.7443038
2023-02-09,1086949793.7096949,1222325055.2080095,1187904131.2854853,1047235529.6967973
2023-02-10,1057169545.0365399,1187888021.5592182,1154436851.5578842,1044648912.4939023
2023-02-13,1075394701.5631773,1210138250.4080565,1176060509.4048684,1047656846.5659302
2023-02-14,1088312234.8957672,1219452046.5633361,1185112027.1526933,1053990463.1001153
2023-02-15,1081602986.3074074,1212025975.0552022,1177895075.339288,1049842905.0773021
2023-02-16,1081537158.937623,1211044053.6082919,1176940805.001437,1046977238.6582508
2023-02-17,1087360948.6395624,1216851389.2495494,1182584604.881528,1046984800.5658087
2023-02-20,1077608904.438116,1206397364.3983536,1172424967.5114124,1046833414.1419533
2023-02-21,1075253349.1487172,1197156410.1537805,1163444240.431162,1043597584.9343079
2023-02-22,1073766162.0887752,1181459922.4390876,1148189769.0255876,1033965864.6596476
2023-02-23,1077798705.2472475,1182322895.6243727,1149028440.7092156,1038442810.4793212
2023-02-24,1079023367.5086544,1189612855.8395927,1156113114.1515856,1041042475.6795709
2023-02-27,1084207639.3627372,1188837037.333417,1155359142.8534584,1040769283.2349545
2023-02-28,1078536687.7120168,1189353931.374161,1155861481.0521426,1039017441.3173734
2023-03-01,1086616821.8026812,1198754931.4003067,1164997746.9919658,1039275139.265131
2023-03-02,1083628099.3875043,1201462169.622258,1167628748.8310447,1041169841.9264776
2023-03-03,1074024544.9082155,1195476887.4047332,1161812013.3867266,1034522851.0467312
2023-03-06,1086937905.4911456,1183864311.083846,1150526449.5936317,1033515412.2055119
2023-03-07,1043498375.5296878,1160945130.4240437,1128252677.7557287,1027405242.6260282
2023-03-08,1045259670.9848263,1162287203.8788152,1129556958.147118,1028864690.7847037
2023-03-09,1055109083.4521457,1182247403.4914322,1148955074.45021,1032421307.9727713
2023-03-10,1046714706.1869825,1168990054.981399,1136071055.5897129,1027184168.0344824
2023-03-13,1059959347.3401263,1182553169.781239,1149252230.2986665,1030471818.5498041
2023-03-14,1020437896.4371941,1145953693.8398373,1113683403.0964193,1008434863.0627506
2023-03-15,1020008944.5384179,1145088991.6982844,1112843051.1442888,1006358303.9382712
2023-03-16,1003265574.3198626,1130798952.6669836,1098955422.5391278,996882640.6774284
2023-03-17,1038357274.9496768,1170920927.040241,1137947553.8958788,1013964989.850734
2023-03-20,1029268167.9163625,1157062002.4325233,1124478899.443828,1003982604.6471629
2023-03-21,1033906399.3843572,1157127725.4834862,1124542771.720214,1015995584.439077
2023-03-24,1051575557.4759715,1166161393.3064117,1133322049.6068861,1026721408.9464781
2023-03-27,1044640762.4595985,1160297525.68076,1127623309.6946645,1018625645.5422556
2023-03-28,1050736066.2848439,1177426290.7653482,1144269725.245998,1026429015.1875725
2023-03-29,1075571234.6486855,1205754267.691594,1171799980.539601,1038440067.4344227
2023-03-30,1072758786.3047845,1203527037.4913654,1169635469.5980132,1033811512.781848
2023-03-31,1081621410.6277065,1218223553.6170988,1183918128.8193688,1033253636.758581
2023-04-03,1086904796.195888,1222343868.821348,1187922415.103505,1036578429.5845548
2023-04-04,1095851014.9952636,1238708457.3197494,1199169037.5270927,1037489935.9906768
2023-04-05,1100202966.990412,1234723536.0742168,1203925661.1927836,1035439695.2699528
2023-04-06,1095692165.7898457,1222473992.3703644,1198987223.0519779,1031353966.9618777
2023-04-10,1085628625.698176,1219354961.4170713,1187971436.9261022,1028084998.8064048
2023-04-11,1094786392.3911464,1234735725.2844164,1206479241.3574262,1034170258.5727568
2023-04-12,1086756370.0758088,1239508153.1939902,1204585267.145061,1032295127.9074423
2023-04-13,1091046336.9608233,1240639918.3308878,1209451016.4340634,1030265793.6370256
2023-04-14,1099004864.4645166,1229470610.6572967,1198652987.6696262,1035272591.9401928
2023-04-17,1085051702.3628683,1229153086.6170259,1196658277.933415,1030567009.6214154
2023-04-18,1118983397.7811313,1261807323.1617951,1218440794.0924404,1035763448.7043191
2023-04-26,1146231227.160253,1294398841.844125,1238262307.1886227,1049176196.8942802
2023-04-27,1146058380.8469484,1286814192.5178678,1228668578.1190288,1054540406.5340813
2023-04-28,1188335804.9878783,1335639214.1869378,1273698307.3039038,1050021721.9501419
2023-05-02,1135580501.4047723,1275149471.5196311,1220055858.176576,1042063629.7452824
2023-05-03,1097892901.3233852,1234216239.4493074,1191737452.768938,1034384067.802139
2023-05-04,1083988507.8948884,1211724179.378462,1182920494.3064826,1039137097.3840249
2023-05-05,1078583629.3678966,1196570657.3287141,1179235228.4667559,1030574423.2562761
2023-05-08,1093199629.2810047,1222760206.043461,1185844625.8696706,1027841460.9012312
2023-05-09,1090030683.0712686,1239964071.1493804,1192074121.8876166,1029412780.8099545
2023-05-10,1104923229.0853047,1245957390.4172235,1203386111.818613,1034259963.5545712
2023-05-11,1080769307.2950294,1222520230.2915282,1182180417.792608,1025762455.2772478
2023-05-12,1073818712.1982358,1215205166.2169316,1173779591.9641438,1018448014.8509934
2023-05-15,1055695334.6342587,1208030728.1491466,1177010048.062318,1019051855.4103967
2023-05-16,1050206434.292922,1197130448.596406,1175215661.9034936,1013710998.7204068
2023-05-17,1031260748.0876169,1176632247.1375182,1157683052.2252421,1011668838.861681
2023-05-19,1008565016.2827668,1149530105.642791,1151543662.4795454,1017354503.7090416
2023-05-22,1022688239.397052,1169875064.7485905,1163653258.997402,1021770657.7228577
2023-05-23,1041245529.7664118,1181786739.9444396,1174493822.8337932,1022839110.7789804
2023-05-24,1037419870.0423933,1181301063.4989667,1173903460.8902082,1024223829.4982601
2023-05-25,1005301675.4751949,1146087470.1707537,1147151420.3195522,1017911712.5051711
2023-05-26,1001382429.4047278,1132699124.7307518,1144303122.4853706,1015295663.1718793
2023-05-29,997200545.8949859,1142042138.5560732,1150943706.4652715,1014400021.9443593
2023-05-30,1009904413.287741,1153939233.2319407,1155870519.7663581,1007616323.6377817
2023-05-31,995010779.4687686,1137074257.1595974,1148811470.770865,1007136290.780552
2023-06-05,1014420509.7894008,1172170501.074691,1165894363.0969186,1007162979.8660505
2023-06-06,1030100959.8276772,1200790010.4302769,1184787413.1601338,1004959276.9037104
2023-06-07,1014925701.5564587,1183711890.0737288,1167335573.4692001,1005085605.2417365
2023-06-08,1032083344.6380548,1200472398.9059978,1187066553.2384293,1012157174.9899546
2023-06-09,1031914304.5708535,1204297240.3606048,1186875706.1621974,1016361966.2738924
2023-06-12,1050526270.2121682,1223318378.999443,1208280297.6982427,1020666248.5376606
2023-06-13,1038073534.782674,1209375186.7182784,1198857035.0852334,1020156264.5955937
2023-06-14,1047994975.4040023,1214525902.3670607,1207691686.4068317,1017226321.9623003
2023-06-15,1064117279.8674558,1235311845.4839292,1228015457.1432865,1019363821.1653346
2023-06-16,1074038973.8694084,1246340415.160737,1244873471.6016617,1017048691.2710382
2023-06-19,1069959799.0191277,1241564094.9700553,1236855712.7340114,1015152654.1554166
2023-06-20,1069565437.0615091,1244871955.1902878,1242197864.2289488,1011265166.4435164
2023-06-21,1072480961.4944499,1251123216.8797934,1248076575.5492878,1017667878.054603
2023-06-22,1062362941.4698324,1241122665.428868,1242935589.3917687,1010021084.3775439
2023-06-23,1059591092.9926662,1229677653.3831615,1227337944.7743258,1008118893.944988
2023-06-26,1106928136.0472023,1287488770.3698072,1280637857.2268283,1011904814.8592967
2023-06-27,1069799485.8602409,1239673732.776443,1230316132.1443963,1011481348.0360541
2023-07-03,1079002066.1270278,1256306330.375777,1245500545.8296642,1016770679.9637623
2023-07-04,1093272630.8132546,1260015443.7555602,1259224405.0396159,1014498993.9697495
2023-07-05,1106941749.5272446,1280791838.8216026,1274969404.9565663,1020150630.2330996
2023-07-06,1120214505.9203029,1294370770.9632578,1290257573.8998134,1025973966.2798233
2023-07-07,1105859051.183363,1278792719.7002397,1273722075.04315,1019768309.0833338
2023-07-10,1113595155.2569714,1286006331.853803,1282632601.9863744,1021981872.1800387
2023-07-11,1102802171.7099297,1288261079.0686386,1291529788.0056548,1031985386.2429627
2023-07-12,1098228941.5782304,1272903885.2141304,1281791035.879079,1033698825.5319655
2023-07-13,1101527838.3807662,1270873196.5681462,1273758860.8053224,1034003081.1066482
2023-07-14,1104716712.3507812,1280008493.295658,1278479795.8888383,1043015614.5977436
2023-07-17,1101254629.4038086,1284005898.3189952,1281112331.9174817,1042647008.6724702
2023-07-18,1087735916.331076,1270444083.4973953,1268881485.2998893,1037038223.2186148
2023-07-20,1093948009.6157126,1277137453.5200725,1281877410.6359148,1042198335.4907012
2023-07-21,1103609940.2621026,1284956566.8784401,1299316035.725121,1044720676.4793539
2023-07-24,1109381399.1164985,1314940267.209742,1319767709.7333856,1047543862.7706534
2023-07-25,1119727498.2154868,1302132617.8217525,1306149327.07308,1050324643.0705497
2023-07-26,1139082456.0227168,1328835948.2739587,1329026038.7006547,1054965800.9023877
2023-07-27,1126557501.248089,1311883530.1123114,1310381443.304418,1047128921.6275005
2023-07-28,1131341558.8849351,1318833579.255461,1309339564.1552322,1047670487.654074
2023-07-31,1139154284.4713557,1326109426.695682,1307185861.5686553,1052396828.1504613
2023-08-01,1126494935.580353,1324898811.4246495,1315020115.0316508,1045585254.5768076
2023-08-02,1120565705.5910532,1312196748.60223,1288542927.2651849,1040728730.6522665
2023-08-03,1123571941.014262,1316468697.2543077,1291964462.6792657,1047343620.4930661
2023-08-04,1125395337.7143314,1326932744.256323,1294174370.500062,1040475480.8854253
2023-08-07,1130796395.9735165,1327628607.8812363,1300268637.2404704,1045565534.3080782
2023-08-08,1109187217.170664,1324268931.1280162,1294339521.4917932,1042900406.7120086
2023-08-09,1118550403.5080347,1336170695.2888217,1305499203.8140688,1043856765.6090376
2023-08-10,1117310405.8062348,1332710901.0533085,1304002072.2417266,1046614637.7772144
2023-08-11,1111600069.328231,1319371142.1100693,1291825334.6501002,1044595756.7319512
2023-08-14,1116402180.8956347,1333040945.366321,1299978882.3261023,1049179977.8480592
2023-08-15,1109369986.1868548,1340604137.8847456,1306245600.3836143,1049928384.2872459
2023-08-16,1107654892.0135179,1341956470.7528808,1313070767.291043,1047717267.6900449
2023-08-18,1096862269.3639383,1329152131.624278,1296808864.8401432,1041548975.2132533
2023-08-21,1093519962.7185466,1341895207.0665028,1302283935.7990918,1042478348.4793894
2023-08-22,1125977535.2476306,1376129362.1340308,1322397021.2081995,1050133223.0184467
2023-08-23,1131461659.0880852,1380899729.5003672,1327706615.543683,1050886300.0475956
2023-08-24,1112049472.1197963,1358185206.6473303,1305777874.0429552,1047543269.6798645
2023-08-25,1096189813.419343,1337563404.373979,1295685839.8685951,1046943654.8923318
2023-08-28,1109918620.6220522,1355637584.0797286,1304812614.607276,1050934414.5378416
2023-08-29,1109382409.6361792,1354733984.0583544,1306611646.0853674,1056416723.3809735
2023-08-30,1095906880.9887037,1352552065.4996133,1302680176.0101528,1057755996.5185572
2023-08-31,1088034240.17108,1343359059.6525078,1300165162.308347,1055722065.7945268
2023-09-01,1092151223.3850107,1353608679.7445626,1306212423.6756864,1059425843.6345791
2023-09-04,1104374512.533164,1370040767.3293355,1323000018.0966015,1062325242.0922464
2023-09-05,1104661369.9441147,1374861870.3533626,1327659183.8989792,1061559710.1565316
2023-09-06,1118935177.598252,1400468357.0378995,1344731947.6037505,1062204251.57132
2023-09-07,1108600656.1966112,1380144219.1622314,1332401451.8289015,1055957152.1559592
2023-09-08,1106412573.8796494,1383641115.6535187,1329795913.1804955,1051397914.9893318
2023-09-11,1096020399.9008155,1364723507.6485171,1317345793.768516,1057260617.4371659
2023-09-12,1094480154.0324776,1361492186.1644547,1315492827.6756945,1052793161.0701138
2023-09-13,1109431484.4952102,1381685886.7889266,1314828660.745875,1053021945.8419147
2023-09-14,1107536207.8417654,1389750075.9685273,1326514856.4692554,1056644173.6984994
2023-09-15,1110165254.2611263,1383553500.90104,1324025699.5117135,1060205832.1582723
2023-09-18,1101966853.8925664,1381238969.5033178,1310131565.4390411,1053114097.3232331
2023-09-19,1113278722.9159162,1394437101.4333868,1323480471.2504783,1059830776.37067
2023-09-20,1124044133.7937627,1400248163.4844382,1332844344.2173269,1064592257.496297
2023-09-21,1126979142.2973666,1385590695.831625,1321054050.8925614,1061522938.5276226
2023-09-22,1133829861.0814986,1390607129.501513,1326957894.5326092,1065376175.2464664
2023-09-25,1125132691.2434707,1391703679.201579,1322731893.6145332,1062572857.4965935
2023-09-26,1116183180.4950688,1362617476.0264935,1290643727.5198293,1051249123.3376778
2023-09-27,1115579835.0826068,1373341050.0980408,1303405910.241827,1053379060.6331542
2023-09-29,1116913916.1191304,1373931897.2198563,1300290217.0012953,1053692434.9787155
2023-10-02,1119970881.7913241,1368630518.2157753,1292966925.520036,1056966963.3603339
2023-10-03,1083874644.777043,1335885024.1947627,1262975645.174953,1053843524.8571764
2023-10-04,1063738249.7493881,1318462628.5231056,1239519847.0866797,1045597412.9379791
2023-10-05,1054563312.2609277,1300340704.2313397,1228808606.6066675,1043813395.8451025
2023-10-06,1048644463.4090694,1311851678.528937,1221958209.0044453,1045892253.1963887
2023-10-09,1073759735.7187808,1342490738.0921125,1251225819.619795,1046338183.3332593
2023-10-10,1068522813.3798484,1345815924.4153574,1260434655.455532,1051004399.2509264
2023-10-11,1068740729.2231449,1341905246.590836,1256877614.6187174,1052456656.1837871
2023-10-12,1058401125.272819,1327080095.760387,1241189181.860286,1052972571.0337425
2023-10-13,1060912045.4934419,1333179333.166023,1240612707.0822608,1051701577.4732257
2023-10-16,1064935271.7398573,1340120835.4692748,1246304840.6590652,1047072578.0025593
2023-10-17,1070351704.5904778,1336378274.7504797,1244726930.6524935,1053650399.6690555
2023-10-18,1071857789.4625695,1341315419.9956439,1251144669.6278114,1051872535.8931133
2023-10-19,1061541953.3081024,1325234603.305536,1239738528.2670267,1039501477.5374278
2023-10-20,1056241675.304558,1322113249.8730779,1236860587.0084777,1039917678.998507
2023-10-23,1030451952.9712516,1284938675.1450326,1202967982.8998086,1023640747.1164668
2023-10-24,1042605889.2257242,1297323764.6500473,1219907122.9878502,1033479159.5310432
2023-10-25,1056487407.4390646,1311890088.7212267,1240538899.151805,1037673645.8625246
2023-10-26,1044018891.108097,1299286183.8067732,1226283259.9393706,1019473765.3703185
2023-10-27,1037942648.0054002,1293813022.2152314,1216596363.6981187,1026195930.5075524
2023-10-30,1019398560.2164752,1256340505.6158397,1199597566.1039662,1022718861.62154
2023-10-31,1025672805.706275,1250660489.0743496,1197066548.775783,1025196572.5283313
2023-11-01,1006810721.8956997,1208210805.05364,1160069221.0316293,1008526569.7259773
2023-11-02,1013430887.0770478,1206124031.2947228,1180922216.5134628,1025071356.2355342
2023-11-03,1023436300.1150525,1222856299.2988143,1185582481.235239,1030759541.7187475
2023-11-06,1034342990.5013441,1228678758.2818499,1194977814.912472,1044422203.5398625
2023-11-07,1026602652.4375681,1205696592.4895873,1183826863.1009524,1039101141.2549505
2023-11-08,1010892206.8938546,1175814294.266403,1170369208.153484,1033075857.7946217
2023-11-09,1011891751.3161772,1175692686.7757545,1171595445.7426605,1038257395.4714553
2023-11-10,1009906745.3689463,1182956167.7447047,1173451294.6648886,1033858885.9086077
2023-11-13,1009748034.9400564,1181187087.1845334,1168745463.785596,1038269405.5599297
2023-11-14,1004381610.6715828,1186283706.9262316,1171004050.7956414,1041874359.647289
2023-11-15,1021147003.6361442,1194966068.6825924,1187360000.4349766,1056472918.7332175
2023-11-16,1025805915.0758151,1199598639.6677895,1189420089.347656,1056442967.6483803
2023-11-17,1015398434.7160454,1189629540.3034158,1176992569.629431,1059427993.5886886
2023-11-20,1020463877.2243409,1201606724.850865,1181860250.0346007,1062042560.1950084
2023-11-21,1021106881.968504,1204826093.3698745,1183198292.712076,1057017227.8046894
2023-11-22,1014939592.7290215,1192106767.0227609,1174873299.9569733,1048691271.0380424
2023-11-23,1020380017.6248062,1194157344.372264,1183608992.5306895,1063478284.7221297
2023-11-24,1025330002.7040467,1197267205.1130815,1184058579.8584318,1064280958.9684966
2023-11-27,1022115839.8787537,1191250448.899038,1188208730.059102,1064854107.0795766
2023-11-28,1025086467.1354239,1188595873.1561334,1180817967.562634,1069054895.0006895
2023-11-29,1018948316.7345679,1185999896.3306699,1176196685.4518552,1068297814.6087159
2023-11-30,1022215233.9074928,1175263625.408236,1192550794.139255,1075077731.9615145
2023-12-01,1030572480.3655673,1188584251.154092,1186320951.43293,1071914259.8301092
2023-12-04,1043047106.5048926,1196669121.8385255,1154722765.0798779,1077030112.7020772
2023-12-05,1009888152.2024885,1181079112.172126,1137276571.7330277,1078131630.5696785
2023-12-06,1006678696.0090599,1179459241.9324658,1133617121.8487332,1076087987.9839807
2023-12-07,996185490.033124,1174821855.5689137,1121965269.7262502,1083258678.0302863
2023-12-08,1015386512.4791915,1182982890.6536827,1143363188.940055,1087050678.1251807
2023-12-11,1004798193.4678316,1170750111.3478217,1131390394.894012,1076299054.1684647
2023-12-12,1005627934.2761772,1163917279.0041273,1134905258.5870838,1081844230.635215
2023-12-13,983803331.4394128,1135887441.9096813,1104153264.7650316,1074257783.9459221
2023-12-14,997248248.5654418,1152538852.217754,1130684633.3302846,1089543438.7107394
2023-12-15,1001035693.1176004,1152311496.9696348,1129380800.5821424,1091816607.4317243
2023-12-18,1004380928.6292816,1153640028.7371128,1127740855.9886374,1080966307.9950123
2023-12-19,1015429231.2858675,1173297818.029518,1149209950.343836,1091339614.1647873
2023-12-20,1014591358.2921579,1172389162.3364298,1153425448.723739,1096171005.8671508
2023-12-21,1016190696.0345287,1173951940.4057198,1156155433.8814442,1094645428.085518
2023-12-22,1017359129.4889851,1175263210.747822,1157454890.9762573,1098881504.9085677
2023-12-27,1024550398.4878664,1183435818.3370693,1171697934.2862735,1100156427.6955607
2023-12-28,1035353862.4658806,1195964652.2186818,1179919623.4761376,1108958413.9566126
2023-12-29,1034697038.4062114,1195388485.1593332,1178221008.4166799,1104237781.9590678
2024-01-02,1063463021.438033,1228214585.3508174,1210653099.6035779,1111949444.941158
2024-01-03,1049796351.2920694,1212402847.6536753,1172184947.6171753,1105193399.492611
2024-01-04,1070298372.8134284,1236051026.4220073,1198216115.6310937,1117441984.6003978
2024-01-05,1069316532.6166127,1234744877.5256896,1194091504.3330476,1116053633.2000363
2024-01-08,1058246664.2392225,1222025125.105598,1184983358.1488757,1105874267.7182167
2024-01-09,1058574176.7892148,1220757583.1662807,1189480888.5333753,1093215782.7389824
2024-01-10,1063894545.310701,1226772269.1719623,1187263444.8929255,1097329460.4504821
2024-01-11,1061163637.5049765,1223894223.4650805,1189397853.8021333,1096216080.7671037
2024-01-12,1074607632.010931,1238381052.385674,1199523122.832366,1099431003.5244422
2024-01-15,1093760920.734023,1256945295.9112136,1202143018.1610253,1096829040.0973856
2024-01-16,1081149644.5595427,1254694444.1619318,1199016804.3249779,1099681361.9736876
2024-01-17,1070779205.8305712,1236285092.1348405,1187764292.3875625,1093281319.2711508
2024-01-18,1067343335.3928816,1228935438.7042637,1181802179.4574413,1101226956.5694444
2024-01-19,1067205392.0637898,1224755785.9122915,1180416157.9220786,1097345399.7654326
2024-01-22,1043815490.2988055,1194530701.3260946,1171369937.169799,1100461943.5881698
2024-01-23,1043457200.9409149,1177421579.9526782,1153846219.5875316,1101722261.514487
2024-01-24,1033200817.8374431,1171887750.1642776,1152696263.59192,1097409379.4342804
2024-01-25,1034214508.4526503,1186894389.9284873,1143332194.0158823,1089851030.4211094
2024-01-26,1034459174.3410027,1187320724.6581683,1144199711.606258,1083632918.318054
2024-01-29,1040597521.6851168,1186869782.0371995,1152916164.7895243,1086682739.4270446
2024-01-30,1050836974.433285,1186851969.8893957,1163475081.1835496,1092003060.3484707
2024-01-31,1052992026.8818237,1202497409.7263134,1172088077.74488,1094390621.455356
2024-02-01,1055454375.1312971,1196968866.0987816,1174142084.0216656,1093442417.5566735
2024-02-02,1061319063.579845,1200284735.8234224,1186203365.0176349,1099073740.4605055
2024-02-05,1050974843.3685628,1193388375.202495,1177497647.3386848,1092974691.3333127
2024-02-06,1064092340.4884527,1206161833.0921896,1189577009.49272,1100382988.3769033
2024-02-07,1070647197.8792219,1215367492.1773987,1199024361.203583,1098522091.8905215
2024-02-12,1061670795.3723067,1223317202.183318,1190291561.1245365,1108014139.2844064
2024-02-13,1064768973.6291952,1215821655.9624321,1171643616.3125184,1094663962.1726696
2024-02-15,1079327727.3297808,1221754120.8557868,1189997523.400092,1108866188.3389456
2024-02-16,1079502598.56776,1229690667.9772952,1188703060.5016637,1113764895.845844
2024-02-19,1064862704.3343655,1215992563.2770512,1176745427.353974,1107867349.3141646
2024-02-20,1075333153.0298188,1211306747.4756362,1186940204.124467,1116354552.6390316
2024-02-21,1071608039.5014942,1214304929.9955664,1180237143.6259444,1115810984.9310458
2024-02-22,1078728133.9431918,1219342723.4874496,1181376423.4616408,1114386084.3108213
2024-02-23,1066880812.3645818,1203767719.6698961,1165082642.2133698,1107623366.5908995
2024-02-26,1058590191.8927674,1191132526.3286843,1155068878.1248982,1105911928.983309
2024-02-27,1064400276.7116462,1202282811.8470347,1162585433.6902416,1106138712.0736976
2024-02-28,1068832733.9968498,1207343870.8448467,1176670419.321108,1112715940.6494048
2024-02-29,1058108170.4562718,1195236915.983687,1170507254.199868,1110814195.0349405
2024-03-01,1070537667.536501,1209238070.9639046,1168219745.083604,1110175955.2097838
2024-03-04,1088151030.733706,1208674557.0740228,1159516687.519957,1104837841.5646923
2024-03-05,1071871061.9924514,1210999460.7043705,1161010374.5823808,1100390846.8298557
2024-03-06,1084452084.2265785,1223906918.5938218,1174618861.2685618,1112892755.8408322
2024-03-07,1081995311.3397439,1225713829.69091,1171877518.03474,1119598092.0269322
2024-03-08,1100378579.0041058,1240104890.3157501,1191621835.742408,1120804142.1460695
2024-03-13,1123006235.5016088,1234358647.839001,1215641395.0720482,1126771080.3000448
2024-03-14,1124423386.2324688,1254842362.337875,1217507321.0365512,1128609439.33645
2024-03-15,1110875599.583983,1244112301.698957,1202876251.046646,1112627570.1218655
2024-03-18,1102112340.272181,1237268845.2495327,1193454284.4586487,1108739934.137268
2024-03-19,1116072671.9445264,1254656420.3865175,1202998049.973618,1113947271.263417
2024-03-20,1121729388.5582743,1260694085.5600474,1215384041.3397725,1113094258.4363458
2024-03-21,1128805137.0244489,1268814628.8364034,1222858532.829857,1114191253.9866822
2024-03-22,1129397241.6891994,1269368700.868032,1218502249.9724128,1115982684.7144194
2024-03-25,1136251855.6153958,1277100228.6646607,1231588523.0670362,1120174428.0010023
2024-03-26,1123420984.281311,1271562162.3197107,1228118078.2913446,1118337922.3733122
2024-03-27,1129982087.3715444,1273341500.241971,1231787221.415119,1109900316.2656631
2024-03-28,1142871580.6782918,1266739081.7804248,1215787129.4119017,1106669528.329723
2024-04-01,1116703140.8024733,1237014055.9589207,1184342645.2901833,1093953365.2712724
2024-04-02,1115595267.2292993,1264271168.7159927,1191841827.6887455,1098800251.4704945
2024-04-03,1094584440.9030483,1258262436.0161304,1169401169.3307781,1088150861.5385072
2024-04-04,1100942513.5702734,1252451668.6489809,1176184550.6999724,1101444398.4799085
2024-04-05,1101273362.130601,1257288792.3366106,1176546807.581483,1106376319.0709827
2024-04-16,1063177119.0238651,1255503660.7336614,1135846455.3114417,1087841564.6921194
2024-04-17,1063777100.2389722,1247033598.8310866,1136489434.9227777,1082684417.8739772
2024-04-18,1071627686.5952033,1253823205.294588,1144871204.4653194,1088146265.0848937
2024-04-19,1056730243.374051,1238832005.4227982,1128943683.7179272,1076076126.1682036
2024-04-22,1062689512.706258,1242990921.077749,1135312325.3254473,1074026849.2200115
2024-04-23,1048566791.0517142,1232063970.3642159,1142362013.0017564,1079643567.2631679
2024-04-24,1034303705.9672015,1219978186.389633,1152917846.4631746,1089318286.6200202
2024-04-25,1026909970.4449261,1215641242.8453567,1152915772.838876,1086397166.212211
2024-04-26,1020849980.2775935,1197924383.986814,1127476383.0780077,1068296035.3363492
2024-04-29,1045154492.7274073,1231016293.3801823,1152171158.0861328,1086471599.1062124
2024-04-30,1060847151.7474972,1243231057.0499012,1161067984.0225909,1098377081.1926463
2024-05-02,1021012236.2909982,1207968479.3832176,1118758753.4841926,1080647447.559654
2024-05-03,1020438804.2350124,1186101553.4477139,1159279077.7324517,1083274024.254448
2024-05-06,1021555178.5076035,1183999836.6014185,1144287346.2911823,1083451061.854921
2024-05-07,1001574947.1424487,1170494826.035269,1139909802.59648,1081586829.232852
2024-05-08,1008665802.9581293,1175438528.464017,1146072234.4214487,1076300536.8954368
2024-05-13,1008271313.8847872,1176630344.4724617,1141869217.5517883,1077889649.5278256
2024-05-14,1001305119.6643684,1182172931.704347,1139844057.8156466,1075536561.8230426
2024-05-15,1014948240.3279661,1186844416.5719023,1131490106.205763,1090122666.0024052
2024-05-16,1014116551.6216204,1204059728.3155127,1149519078.3256755,1100274823.4442859
2024-05-17,1028822607.298405,1216231433.5256076,1157024002.3756332,1110985301.7275252
2024-05-20,1030034760.4508336,1201723635.2170577,1171994906.8926716,1103310706.9197385
2024-05-21,1041462425.0094583,1178459972.7685144,1158339474.3931575,1091064938.9931989
2024-05-22,1041435060.1151263,1183284606.7173834,1163797251.6239328,1096583203.9654052
2024-05-27,1019234846.8636782,1155932936.069182,1143701590.279345,1089604749.4710371
2024-05-28,1020239899.4408883,1157651774.2611399,1152953646.864843,1101327040.6400638
2024-05-29,1008104268.1518941,1137703606.782636,1143154066.5008612,1084109837.4486423
2024-05-30,1007341767.0208784,1130795633.904684,1135107807.1247067,1068002529.5322145
2024-05-31,1011612453.8844336,1123832548.8481405,1123332201.5212405,1058375479.8475164
2024-06-03,1048276616.7774446,1170718133.8932602,1152885464.970649,1068313605.6509691
2024-06-04,1053701845.079754,1176630894.4747741,1166829959.0941248,1077897359.7080808
2024-06-05,1044040863.492764,1162810566.2269418,1156141635.470994,1054873352.875675
2024-06-06,1052460037.6534564,1173622703.6401265,1165458201.2974625,1059007269.8103445
2024-06-07,1046018610.4636394,1177907968.6963289,1158333504.8846166,1047324345.0424284
2024-06-10,1033425478.1864647,1161290577.3262887,1144382259.2334871,1050907206.4979028
2024-06-11,998952394.1407217,1132123453.3154502,1117935168.0066986,1040908066.4795467
2024-06-12,999313304.412631,1123204523.3577957,1117044639.5400803,1040058760.469906
2024-06-13,993944237.2175357,1137607052.3814924,1131165685.4598343,1037244841.2221823
2024-06-14,966682309.2659397,1108523468.2219388,1100302228.6489682,1022557911.6087143
2024-06-19,966553827.8549995,1108635199.1999562,1096335158.0985432,1021356457.9431909
2024-06-20,989417094.1635091,1126943349.254485,1115749285.218505,1035385946.4172127
2024-06-21,1005075369.6961025,1138448134.2647648,1129326270.5025678,1044595608.459254
2024-06-24,1001121992.3125122,1132528488.240479,1126059545.574544,1045990483.8582929
2024-06-25,995497052.3016465,1122229819.4400725,1117606031.1618862,1045009511.6935264
2024-06-26,1001664778.2393912,1121408696.1942656,1119076666.5151272,1048492214.9420329
2024-06-27,1005403335.3961622,1134826470.3169918,1131403796.1330218,1057952680.2514113
2024-06-28,1022004420.5887659,1150231346.9924183,1148261146.4602654,1072471691.0352845
2024-07-01,1037098450.1057909,1171043166.874283,1166740262.0557983,1084018279.0581126
2024-07-02,1033716206.8068835,1165272331.4440713,1159143597.8443596,1081819172.549386
2024-07-03,1034257418.4827248,1177731426.4258225,1159744439.491678,1092692231.8451204
2024-07-04,1036637897.6920998,1186551776.5033016,1162418495.4952738,1096356569.147714
2024-07-05,1041102835.5725484,1196148323.0896878,1167422386.9806118,1101288489.7387881
2024-07-08,1048410193.5544643,1193292577.8030043,1175610514.2961714,1100924850.9488711
2024-07-09,1049545605.8734345,1198893784.761868,1182498454.6153326,1103782881.324016
2024-07-10,1050371198.8381798,1195525077.2603745,1181850925.7086947,1106400635.7933257
2024-07-11,1049104937.9387769,1197802030.1678355,1180735396.9141436,1108429895.927394
2024-07-12,1052312130.9014806,1206052991.9714146,1190733335.3783498,1112555583.727368
2024-07-15,1044160414.0830755,1201301944.9053173,1191748185.1676896,1105158777.8178115
2024-07-16,1037342384.729366,1195904718.8115997,1182571453.8097577,1096873373.6338525
2024-07-17,1049145885.3960938,1205704325.1791642,1198844741.2600198,1096861956.636167
2024-07-18,1067519474.1327137,1230543731.6023407,1215149616.6015642,1111567272.0640895
2024-07-19,1069356082.5458173,1234396705.6586766,1217945122.7891393,1107532253.0184615
2024-07-22,1079094740.3067927,1251928102.621615,1222422455.655199,1111704720.8544066
2024-07-23,1062066706.0861559,1235522469.1658468,1212526986.486062,1110471981.649771
2024-07-24,1055533840.2170049,1233408306.6344151,1214033846.0990102,1102713686.9044073
2024-07-25,1057666069.0475076,1231235296.1451602,1212450413.0994744,1099300227.0054996
2024-07-26,1065312583.2960267,1240736818.071457,1223073742.833642,1106571445.940516
2024-07-29,1061240398.6655601,1236969222.6189606,1222690872.2428713,1106682279.7816834
2024-07-30,1043240338.539186,1230229428.2307801,1213303505.5153174,1099541170.138472
2024-07-31,1053093991.6873505,1249796172.4279146,1230841051.2132359,1101651387.1652188
2024-08-01,1072547205.5404142,1265577139.8565428,1238801780.1614997,1112313380.2764695
2024-08-02,1075110044.8343072,1272253654.6665611,1239104674.7711232,1109601398.5080802
2024-08-05,1035299560.0186005,1222793493.9163032,1197933867.7617676,1071875857.2015308
2024-08-06,1048748780.0727426,1230794036.4377406,1210815433.5908122,1082437543.8331163
2024-08-07,1060035513.6832111,1243790807.7336545,1221348423.3146877,1095026785.4627519
2024-08-08,1064557803.6804699,1249059990.2428067,1232340976.2093964,1092444171.6226816
2024-08-09,1072211221.1064669,1256923350.812751,1236890835.5398228,1101838729.7181485
2024-08-12,1077395557.0231447,1270208804.849188,1244641974.420298,1108007467.0130317
2024-08-13,1086797527.6201952,1275807220.1195264,1254411007.8534372,1116967511.9693136
2024-08-14,1102027260.2959728,1296521375.9645002,1281757222.8893268,1129023046.0253282
2024-08-15,1093492530.5477602,1289045076.5577297,1277575075.6576548,1124993735.4785428
2024-08-16,1103875331.1612804,1303235296.5919914,1288380664.7496347,1128423431.2377954
2024-08-19,1100464321.8275585,1309969410.6958447,1288689704.4038322,1133698232.4411767
2024-08-20,1113591276.5138574,1325232979.9112976,1306499628.030211,1143894278.6014328
2024-08-21,1112681627.5543041,1322036402.8304772,1316700844.3725855,1147023203.1943872
2024-08-22,1113227973.639297,1312865932.8595784,1304611414.5512655,1137014944.4051523
2024-08-23,1135964644.5060055,1337621595.5516133,1320706613.6724327,1145460112.4203591
2024-08-26,1147352678.7981892,1345273680.7176957,1338105433.8991606,1154858006.6515133
2024-08-27,1141843802.287255,1341813690.3882446,1329549990.5652893,1153595687.0437837
2024-08-28,1147338328.4751902,1345909447.762866,1330212466.1122472,1162856503.1663635
2024-08-29,1140763039.642274,1336332442.0595255,1325834122.835714,1158108588.9925315
2024-08-30,1140257818.1929057,1333842664.0436025,1326850596.4515162,1164656904.3922822
2024-09-02,1160868252.738706,1358688449.983193,1339321584.9485211,1168270013.4779882
2024-09-03,1141585493.8109472,1349790486.5917616,1323575184.2927244,1156425842.1518521
2024-09-04,1127651568.6077402,1336526089.381746,1307415804.025855,1164985328.4166107
2024-09-05,1126464305.3666215,1351412739.376834,1306041171.455687,1166222293.393117
2024-09-06,1117510301.1547403,1353500988.2423854,1295664761.3054435,1172417497.3644528
2024-09-09,1111874832.1929123,1351056136.248128,1289124370.741408,1169516393.7707675
2024-09-10,1115226587.7311916,1348326757.9339151,1280096093.3789358,1178421207.1473372
2024-09-11,1120429414.49535,1338227306.1436203,1273940990.9271028,1178355448.2061229
2024-09-12,1131693934.2341835,1348690336.277227,1286028912.3462508,1184003377.6520426
2024-09-13,1128615983.8911097,1351587032.5734363,1284416288.1228328,1186125530.6309152
2024-09-17,1141633398.9717598,1362869453.3492393,1293755286.463169,1189108703.1625085
2024-09-18,1148134636.1189451,1372120151.9855576,1304849196.5985775,1188707254.8348022
2024-09-19,1145364213.3978055,1378710185.4603164,1302471420.885512,1200285202.5330908
2024-09-20,1156474585.963415,1394827000.8353367,1300070093.2656443,1175629899.4859385
2024-09-23,1184272300.8501942,1413950930.8546968,1311381814.7105463,1180598888.2513163
2024-09-24,1168742939.597784,1420012330.3161917,1324189705.3614676,1181017981.0299911
2024-09-25,1156528521.7004557,1406154253.2396765,1330055348.6618056,1175310742.5051858
2024-09-26,1168114286.1683493,1410886238.2017949,1328783625.0386572,1175859499.7575743
2024-09-27,1164603922.4038148,1400397022.5620928,1328167567.6940153,1168632317.81363
2024-09-30,1141274904.510167,1376607677.037447,1309140367.452414,1142974839.60601
2024-10-01,1157646848.1937335,1391286036.8015716,1324912184.9103656,1160314516.04533
2024-10-02,1157766216.9361327,1377690091.5695157,1350036754.8559742,1148339494.0639026
2024-10-03,1163920590.274404,1387990264.3558044,1349604319.8409398,1145388793.2529993
2024-10-04,1150920253.9859374,1370291255.4330904,1347528801.4147768,1138140778.9950967
2024-10-07,1152817331.4039795,1366048915.3008175,1355942466.6252692,1139362101.2020469
2024-10-08,1154491825.082011,1386789567.1396427,1346974461.4970007,1147410269.0704637
2024-10-09,1143815052.7025666,1371578732.3889184,1335593775.6694767,1138929441.471577
2024-10-10,1134520274.1627202,1364340355.370821,1329128367.4436147,1135709848.1242764
2024-10-11,1135208035.6629894,1367690154.5543802,1336208503.4877758,1141862349.5588148
2024-10-14,1131764285.4055378,1371662569.862659,1346978661.2175264,1147791774.7203948
2024-10-15,1142170137.7455232,1377849632.4768367,1331874906.0062065,1158009468.6944442
2024-10-16,1142339921.3603063,1380159285.6374533,1335021375.0727477,1161348050.881259
2024-10-17,1163500125.4890807,1392106560.4432535,1343485612.899327,1174420587.3674629
2024-10-18,1163365404.0088148,1395292639.4116423,1344030303.580919,1178219556.2791264
2024-10-21,1182404990.265054,1402243780.3987162,1365581175.2297797,1180122932.89326
2024-10-22,1196931400.3122437,1413693024.1757617,1381663258.4683313,1182610948.7525077
2024-10-23,1187051171.6555483,1407767585.1944528,1370221712.965339,1182395656.7961533
2024-10-24,1178899036.0564852,1395632172.0928423,1360605997.9549127,1171613192.1184165
2024-10-25,1160670488.1425848,1392744154.3589501,1339253680.3848171,1168289807.8830664
2024-10-28,1153871024.828845,1376655884.9746904,1331570996.0352287,1159175485.1853335
2024-10-29,1128634275.615509,1353013667.2174292,1317623416.4371598,1154919539.820857
2024-10-30,1125965253.1299558,1350227714.5991259,1334583640.0524938,1149339741.679307
2024-10-31,1134696611.7537317,1365408255.9422114,1343338625.804934,1149972717.8237128
2024-11-01,1116903281.1118343,1353826942.2513263,1319348005.5829706,1139532466.5311456
2024-11-04,1120750067.7261143,1361948836.772457,1299794433.7101235,1135622218.960223
2024-11-05,1147833214.9830232,1375281063.9277806,1330071509.6281626,1137509211.4413145
2024-11-06,1122563766.1940584,1338298293.4550364,1300646979.0879974,1121101873.7220747
2024-11-07,1130717102.7562861,1322824867.0758443,1309884599.8159962,1099844239.531577
2024-11-08,1116930490.2194495,1313759178.927324,1293924609.179181,1106423247.3796508
2024-11-11,1104824458.4944787,1299566491.132248,1279853658.2538812,1103275640.4268475
2024-11-12,1107506845.83435,1312961825.4106102,1295766345.715456,1111706203.581379
2024-11-13,1099230799.9677653,1310683553.888842,1283591873.9673526,1109684579.4912171
2024-11-14,1081238627.145913,1296186229.8544533,1268687677.3504164,1095395762.0697684
2024-11-15,1077810380.980748,1296447611.7989235,1254329052.2339764,1087302667.5740957
2024-11-18,1055874108.0008934,1283048710.867062,1242411035.911099,1083206115.359124
2024-11-19,1071337652.5270357,1290717450.4547153,1262801934.7887757,1092534321.4225876
2024-11-20,1069514779.4380782,1289272357.4075756,1256752565.9020555,1090199174.7141674
2024-11-21,1062350436.3413956,1274243966.3518324,1247481886.711203,1084213554.2003431
2024-11-22,1079825430.567906,1293491153.2958016,1247915030.8739936,1092511561.5635653
2024-11-25,1096486837.5885987,1337391726.2994478,1287606033.6410704,1110510087.732955
2024-11-26,1086367931.7705042,1322167389.6306806,1266692069.859382,1100152201.92369
2024-11-28,1127643372.2312899,1328297340.4089425,1260587209.940226,1093208813.9222133
2024-11-29,1048745186.3384442,1298112155.3866467,1239082474.001241,1080167859.520516
2024-12-02,1060222192.1762464,1272907667.4855487,1233834009.5763826,1069952612.0459706
2024-12-03,1042231665.008093,1297715094.620637,1226671787.9107492,1092580211.8223753
2024-12-04,1063393392.1779857,1321458276.2248414,1251581762.6630964,1112431701.888846
2024-12-05,1054808754.4808586,1306822135.0547936,1241466474.2007892,1110389393.757423
2024-12-06,1058658206.9923966,1311708923.8115602,1246003294.7059846,1120937439.3008647
2024-12-09,1077421182.6896558,1336406937.7573383,1268086638.4236655,1129279928.4732509
2024-12-10,1070821609.9329463,1343255501.5137424,1275847309.0523622,1131641838.4035182
2024-12-11,1070486001.2475388,1336213864.5677378,1270320391.3169713,1133382559.8688085
2024-12-12,1052587683.2546362,1312733320.9618778,1248076442.6037052,1122676307.3574395
2024-12-13,1042713229.4449697,1301747251.3633137,1236433351.1351604,1112131820.358731
2024-12-16,1038084880.0458436,1294335966.6714911,1232030805.1230545,1102086938.2132845
2024-12-17,994693021.2979798,1248859681.2434464,1188067814.9910553,1086767329.0008051
2024-12-18,1001034900.1693505,1243737246.5117977,1188197775.4608605,1079197488.8536
2024-12-19,979538338.4689311,1215671930.1638677,1164074946.0056071,1059362679.465566
2024-12-20,973839094.3316332,1207451044.6012893,1154535312.8201065,1060368932.1252075
2024-12-23,980022759.2994574,1221915204.0243862,1170955220.609972,1077462031.069061
2024-12-24,984590919.925233,1212767404.7345407,1164688465.6605809,1072801004.6957964
2024-12-27,992865447.8524911,1221202547.6350148,1172791445.8302293,1068371283.7301853
2024-12-30,997860046.9102424,1240797235.785977,1194190175.6067057,1074950736.3963509
2025-01-02,1007402589.3045399,1245009709.226031,1199970771.1370523,1087598323.33234
2025-01-03,1003282624.9414883,1242528971.257689,1178611152.4134536,1087784183.1582975
2025-01-06,987784987.1701369,1220146009.3436348,1161338144.1420844,1075037179.3788264
2025-01-07,991682495.3914168,1219226158.9302557,1175389101.9983113,1075463834.0650592
2025-01-08,984467878.803726,1214471045.424645,1159616137.9909918,1075018645.2916746
2025-01-09,981091907.1826413,1217432923.443426,1149490651.1936853,1072625153.2769009
2025-01-10,986149256.0357349,1215163506.826869,1154919582.1637444,1076311360.8023334
2025-01-13,971001390.0922158,1191942171.3521655,1147126748.5773425,1065381438.9272175
2025-01-14,965043052.3412932,1183787550.4816658,1149868155.1001062,1056239092.6897113
2025-01-15,982801963.472734,1230914016.3119383,1170785594.3037214,1074898692.6796288
2025-01-16,985049483.4819976,1244673775.3547745,1168272146.7009993,1079143443.4554656
2025-01-17,987537557.1990792,1247427486.725805,1177337363.7050753,1086300640.6863248
2025-01-20,970271162.9919871,1253882674.985025,1160296206.504623,1088741876.5096016
2025-01-21,981235317.3173184,1263025029.9952335,1151599317.6304533,1090424623.350281
2025-01-22,1001075628.2303483,1276647458.103644,1173545347.4793532,1101858746.5322723
2025-01-23,982056239.7642965,1261410636.5448098,1160058983.1753168,1098141179.3313792
2025-01-24,971647105.0459801,1252181054.9287243,1145805777.149285,1088031205.4718556
2025-01-30,964627903.6071044,1240621784.5337605,1135729914.854284,1073974953.7759867
2025-01-31,982448447.808971,1250394454.098755,1153122863.164114,1079398027.6765819
2025-02-03,981434756.750976,1238514558.8348093,1149433218.2020984,1067382453.1124665
2025-02-04,965569718.212821,1233115702.706967,1132410506.791553,1073972062.458391
2025-02-05,958150753.6405083,1217549996.593268,1123709656.428547,1066497265.1101
2025-02-06,926481492.8343096,1165150146.9880629,1086567880.1796556,1043921190.0959771
2025-02-07,943895589.0514572,1177012059.9387965,1106991147.0518565,1023733714.0976199
2025-02-10,925025318.6538259,1148890728.1721058,1084860005.8851204,1009395670.140696
2025-02-11,924951306.2634536,1144780705.28,1083937416.4004042,991760189.6704344
2025-02-12,933222156.3929596,1167256576.7875412,1092052305.4959385,1009036701.9407414
2025-02-13,937805380.1530908,1170108352.4124832,1098591919.8386672,1004146223.5685384
2025-02-14,946650191.9200945,1188981881.4958863,1116212861.5820951,1007925472.2114725
2025-02-17,961890752.9370477,1212595292.518416,1127808007.4945838,1037141272.7431785
2025-02-18,975704910.0034966,1223572174.9996018,1129742438.8369238,1043620270.6569816
2025-02-19,932568222.6357856,1196826739.3116806,1118711369.6334012,1031673272.2153276
2025-02-20,928393077.5661631,1190094632.0719626,1113395528.2383401,1030636846.0618031
2025-02-21,915051369.9152399,1177463310.8357956,1108473077.957499,1032908087.2377242
2025-02-24,909636316.3962616,1169949073.1666276,1113897108.3941836,1024800313.7450274
2025-02-25,888247180.7061063,1140854423.4164028,1074603679.4288256,1000125586.9745402
2025-02-26,889637187.3066648,1148332537.5658216,1059154111.4139905,1003024244.0687215
2025-02-27,856869247.0299733,1138644902.4120145,1048719403.9744226,984693661.1939214
2025-02-28,818778853.9257896,1103222368.387741,1032026588.0755317,952072555.7616547
2025-03-03,869278332.9225156,1135419643.418533,1053097401.0594908,989887802.0500184
2025-03-04,863291507.3538377,1131507590.5310497,1060991887.0019779,968744189.563678
2025-03-05,892889713.3867347,1170725122.8024802,1097372779.3755684,991670410.5522714
2025-03-06,906509223.9577533,1188544033.663528,1114121717.8255312,1004795954.5277293
2025-03-07,901621089.951224,1177836266.8513296,1108103134.2091103,1007552121.5598881
2025-03-10,885907408.9543978,1151338107.8379123,1088793360.1751175,1001814709.5411999
2025-03-11,883996264.1490853,1149539960.9864569,1080887862.170528,993864549.9256413
2025-03-12,884281235.44983,1166197452.300798,1095458790.9968047,1011962048.1204213
2025-03-13,890146742.9358636,1159335496.4720685,1082901997.3639255,1009285577.6630148
2025-03-14,885693005.8936622,1142352952.713897,1066214401.8385756,989276325.4467087
2025-03-17,892843899.7004563,1137794134.590333,1069812185.3671999,982643717.018592
2025-03-18,866076923.4549665,1114719887.3537166,1032975738.3988327,944904757.0329448
2025-03-19,861151503.0809151,1119903054.6465554,1032718892.5953686,958307200.2704495
2025-03-20,870477492.307411,1122241767.6558187,1025716007.6186005,968937463.0244962
2025-03-21,860527620.0511193,1104810513.7587473,992071761.0118306,950187120.143884
2025-03-24,846207273.7704879,1093126371.7824984,972244421.1271842,935465346.4465708
2025-03-25,868175239.3611819,1111428906.0687506,997257300.4594638,946761798.4291991
2025-03-26,893018044.535615,1170888179.8701456,1058432449.212817,982705843.2787246
2025-03-27,904895621.8397046,1179842251.071456,1069740545.4442207,988515538.2373046
2025-04-08,815677469.0978147,1070997108.9222465,982007108.0976437,910401700.3912917
2025-04-09,834615535.0205429,1094061564.045332,1007889075.3594604,906126998.5306176
2025-04-10,867970800.7974458,1147436311.783919,1059878679.3708134,949556219.8172392
2025-04-11,876743806.9139225,1163497958.6233468,1073923602.7402864,950801562.2011379
2025-04-14,905631962.3054798,1205696091.224124,1115706641.943068,966939859.1112832
2025-04-15,910608787.1920234,1215943966.3699265,1115600348.7999673,978048746.1319361
2025-04-16,887726429.325175,1188014191.6174989,1099751429.3728576,971728177.5951059
2025-04-17,889092876.3089275,1182043663.8304963,1088914285.3154812,977530384.7824767
2025-04-21,893319166.6407189,1188799021.0838146,1100870429.546804,978699144.3182645
2025-04-22,897466865.8287542,1194129763.5915356,1100732015.4563038,992713064.159079
2025-04-23,918032533.1424568,1222143709.5502884,1133000824.6738944,1007305692.3371189
2025-04-24,922484829.4062216,1228775168.1974378,1124923985.6978295,1004132582.4803947
2025-04-25,923191068.8162984,1229079703.0479035,1122778935.7593045,1014067965.238949
2025-04-28,921467170.3708758,1226578677.6548362,1125369368.5151482,1020756250.0648694
2025-04-29,923038051.8107038,1219628676.572411,1118877700.6847248,1024720468.8975778
2025-04-30,937914363.6670926,1214635216.0692775,1137091996.3323655,1027410876.9885223
2025-05-02,939634587.755085,1212505137.2670472,1127931206.901946,1034840747.7095577
2025-05-05,950701161.547724,1213102939.2119303,1125096309.0820282,1037303779.6193248
2025-05-06,934171585.4111693,1209197477.9109306,1120651132.4747038,1047361783.8984748
2025-05-07,937378935.833258,1216941356.6665993,1132323317.7345123,1051617358.5812083
2025-05-08,933290697.7949827,1195984632.4362752,1118334637.4740138,1036665762.2032138
2025-05-09,931130239.9081545,1191978717.4198496,1119731797.2953932,1037432999.2749466
2025-05-14,956949518.6813961,1238929483.188716,1152957038.0304694,1059763831.247878
2025-05-15,973521361.1336018,1257451118.8118193,1175942748.4956083,1068916408.3014919
2025-05-16,990471751.1740437,1274656984.2711632,1198642792.5120738,1078992650.122399
2025-05-19,984758574.8927397,1287400162.9625452,1197222604.1848853,1084240688.1039333
2025-05-20,968416533.0026746,1270413120.5140276,1173377756.417224,1077182240.4894185
2025-05-21,973077301.5737517,1286801635.1087723,1188772607.3423996,1084448714.6981244
2025-05-22,968924664.2676902,1290578341.120397,1182706109.8226883,1088171619.7161171
2025-05-23,969069443.8614668,1294146937.0421584,1188608588.959791,1095335340.9456537
2025-05-26,969260057.5967503,1299417409.3178465,1187437180.1002738,1091416567.6946414
2025-05-27,989240514.7104514,1299312148.4355047,1186723717.8858624,1093028069.5043097
2025-05-28,980797693.3712494,1305831512.7525957,1193451386.4382336,1089513487.6259022
2025-06-02,956714926.9630373,1277703845.2633908,1161602807.6579845,1072698177.5802786
2025-06-03,945173407.5981488,1273790021.7021143,1153413381.073055,1069624039.7489448
2025-06-04,927112530.2558651,1261842358.272235,1131374624.9465458,1073300683.6854069
2025-06-05,934669403.588057,1270151502.5905883,1140605450.452835,1080040122.5918663
2025-06-10,947240033.3392968,1289669648.3828688,1155950146.9497,1097853011.3443441
2025-06-11,962678568.089007,1298985632.265814,1174784794.1078553,1096594472.6903934
2025-06-12,958492363.4185758,1290004452.0607252,1169678295.166842,1093848462.3379936
2025-06-13,955418310.5798032,1292145953.9892094,1165928443.2600088,1088032539.9261305
2025-06-16,952855243.3893893,1293584536.8899062,1162787152.6026652,1080672653.9181802
2025-06-17,956030561.3282316,1289612477.1084313,1163009085.5387585,1086481904.0586686
2025-06-18,951895704.5746629,1281774681.4679508,1152574278.3242462,1079184440.8562453
2025-06-19,935413132.6957979,1258029342.7049859,1125052061.670937,1058057138.3665984
2025-06-20,918786777.5763677,1242511073.605818,1108408969.2176924,1048719368.7141645
2025-06-23,900843395.5991765,1223091345.0844302,1094869364.8490932,1030499916.2259262
2025-06-24,900807626.3623116,1221337452.4321346,1107296157.1558993,1042954748.6555374
2025-06-25,892227122.5950978,1208097450.6114836,1099810446.0896757,1037332766.93163
2025-06-26,892806544.7332721,1208716655.5695076,1113804239.527571,1047240793.3775483
2025-06-30,912918397.9900372,1231711057.2051463,1133208924.0528827,1051838136.6273596
2025-07-01,890086663.8730824,1218221080.8637729,1120617400.6807992,1049967676.5520074
2025-07-02,888758288.2161381,1214183501.8780818,1121227416.5090525,1044787992.2838889
2025-07-03,891953904.0856638,1215917568.6363938,1128421520.1104865,1044302992.2913026
2025-07-04,893882763.559417,1222544835.0050585,1136990170.6532075,1042350611.5507398
2025-07-07,893967690.0265346,1221656109.5573602,1138859593.967992,1047777095.7233707
2025-07-08,886648380.7683098,1217987195.7782264,1140506949.1429536,1048302425.8895992
2025-07-09,893204975.4044098,1225401929.0930393,1152158056.7186584,1054304282.2637683
2025-07-10,898740802.8256828,1242442899.951936,1172835431.972757,1063634193.4632499
2025-07-11,907307112.8768613,1258116294.5300138,1189199922.1919692,1070021262.3047806
2025-07-14,889952528.4660056,1234907331.6404896,1182698874.9098308,1077569232.2291467
2025-07-15,890208672.1391039,1234029451.3798475,1183637280.0578098,1084147053.8956428
2025-07-16,888243657.8840262,1241520343.1989818,1190129234.5182574,1091973035.1272848
2025-07-17,895040494.2477809,1245069572.1474571,1191480822.0694482,1106397447.9303358
2025-07-18,902132575.0222932,1252097043.9122293,1188745246.6573832,1110177141.3913615
2025-07-21,904673330.0221215,1251390213.0543447,1200879426.4858475,1123276663.5084584
2025-07-22,899415063.6104474,1242729870.3104544,1200794773.0495358,1115160364.3356717
2025-07-23,908979488.3131243,1272743894.4318159,1235290880.9025605,1134062464.3218822
2025-07-24,924110665.6958604,1296298612.4713225,1247715901.2140188,1143426181.6963286
2025-07-25,914720441.6751649,1272898439.6662045,1237043439.4506137,1145339418.444827
2025-07-28,918906320.2585245,1290580458.372579,1243421661.0738294,1156159692.6603534
2025-07-29,926179244.9247228,1290228013.832492,1240358379.6993642,1156636315.245547
2025-07-30,921778355.9970441,1287755811.1455173,1238878766.2841287,1146308899.4755595
2025-07-31,931679799.7591344,1271822370.2493484,1228690348.379856,1136356168.8114314
2025-08-01,943020540.2651193,1264380611.3791344,1222701323.043908,1144468687.030439
2025-08-04,949301935.671215,1278153770.0506861,1216280896.654959,1133366324.0084636
2025-08-05,955321566.3397703,1295512536.4912982,1228129639.4531493,1141039880.9073696
2025-08-06,937073215.7141142,1285959224.547876,1207699787.422439,1139303681.7593446
2025-08-07,940669355.433635,1289624033.5946581,1208488024.5273137,1137243803.3133018
2025-08-08,933328674.553962,1283658251.3132918,1199447786.730654,1143803165.0289948
2025-08-11,940082104.4669361,1292622979.153176,1211770709.586108,1154817009.2507336
2025-08-12,943134673.0821378,1318608563.29703,1226776456.0037818,1183022998.578065
2025-08-13,945712024.9997923,1324111902.0611656,1235819476.3185494,1198390499.8717442
2025-08-14,945785579.0382881,1319222353.2351503,1247449356.6773996,1204211685.9643583
2025-08-15,936186037.9616988,1311582124.1498928,1236585468.1760182,1199220085.6126554
2025-08-19,947209218.8601694,1329329465.8237178,1248343019.5391903,1193841345.2485273
2025-08-20,957319803.3798307,1355629706.8199368,1264736056.5986004,1206120845.2136834
2025-08-21,967672437.259996,1381926262.67658,1286720535.4189239,1198057034.5757103
2025-08-22,967506346.7170194,1378011183.3008413,1275410439.0832682,1193219118.8746696
2025-08-25,957901289.4887134,1381560082.0901859,1264262814.9453907,1203552169.0071514
2025-08-26,949918080.7787216,1369236884.8349586,1252509001.1655498,1200340878.9308946
2025-08-27,939578846.4971548,1349676219.939972,1243868327.7936094,1204959425.1764076
2025-08-28,937804177.8258364,1356793536.887217,1240703182.5298245,1207375380.5048094
2025-08-29,920682249.1821952,1342072834.3921504,1211885256.0501332,1188913502.1566265
2025-09-01,910420942.8264006,1322242188.59498,1205309639.389597,1174576496.1085832
2025-09-02,924177221.9817754,1342072812.479511,1207407770.7157812,1184524333.7737033
2025-09-03,932018246.1688154,1358316344.4865408,1217639272.943179,1197320341.6796036
2025-09-04,927552956.6036919,1358072342.0439353,1211815450.1143851,1194509239.613127
2025-09-08,921951680.8515203,1336686030.0110867,1204509592.8598874,1179250348.0701568
2025-09-09,920949874.0704952,1333295552.5081658,1202539370.690588,1158260568.5071757
2025-09-10,908924936.7825015,1325694939.4293928,1199836995.2801301,1168949769.658365
2025-09-11,921899621.8700283,1361925555.419375,1217630073.7119086,1176374006.0169063
2025-09-12,941958477.1957537,1383004350.8577144,1229717119.5481966,1192491693.0221386
2025-09-15,932244343.6358157,1368520345.5350575,1228055189.0171537,1205102508.3292189
2025-09-16,932935394.4033651,1364934451.985458,1228374523.9536753,1208226836.4685597
2025-09-17,933154065.8756403,1379657877.7560759,1246299803.9035068,1218472924.6641254
2025-09-18,915308034.5084176,1355708753.590119,1227839549.9835668,1215930344.452303
2025-09-19,921470756.2181726,1357288896.6341472,1247039441.797667,1222411269.91117
2025-09-22,925172442.1876626,1351533561.142272,1240750629.4010136,1220729116.1612792
2025-09-23,925980464.280911,1365192286.6411865,1264006479.6117444,1233659384.9945066
2025-09-24,925867670.4234151,1356716313.105965,1259639346.808661,1233865409.9072852
2025-09-25,912368820.0283145,1348271318.9025176,1243638600.0550978,1220824158.9601934
2025-09-26,909704486.3113976,1351785390.1363487,1236526704.284597,1229731789.5180101
2025-09-29,904488490.9467788,1348958204.0993156,1235035975.3244019,1233362394.7819874
2025-09-30,897812499.5055528,1342214522.4738417,1212680028.3431,1223921056.6505497
2025-10-01,883331970.3689584,1322072740.1244385,1189088007.866261,1221303450.453937
2025-10-02,886417414.0787443,1317714074.616984,1207278703.4632316,1225442260.3876145
2025-10-03,893305151.025512,1319164276.4863827,1234645321.5317917,1232611690.1159937
2025-10-06,890401751.9657018,1317172180.1302035,1231674326.477711,1235890221.860437
2025-10-07,882719950.1207907,1305317422.852642,1231224455.204319,1240352043.8649948
2025-10-08,874303035.7667224,1307736665.2195206,1221560233.8740788,1239858295.783273
2025-10-09,902100949.6593919,1347794231.2401297,1229391363.802207,1252750236.1242704
2025-10-10,884482907.0384796,1326864361.4446957,1208676280.0904348,1253801044.7294247
2025-10-13,878495846.6306053,1314966237.0920367,1212570912.987903,1249146319.9457917
2025-10-14,864795041.6714458,1299054590.3267565,1196515425.1418378,1224750049.3006718
2025-10-15,850620638.9202905,1289516024.2652664,1184702516.9203293,1222419869.7276084
2025-10-16,857595488.621886,1297936584.528374,1200944846.8142297,1233591920.9172742
2025-10-17,857861679.4022053,1295500733.4757822,1205060454.4974322,1201843845.1262023
2025-10-20,887350985.9823589,1349072781.6190307,1230307449.2649565,1228159579.9731035
2025-10-21,894160973.9708898,1362272128.5338333,1258661068.0548844,1250798522.610845
2025-10-22,888516930.8016101,1361624692.4090714,1245324555.8823774,1237812280.8344195
2025-10-23,908248013.9730959,1408045429.028519,1264826503.5838182,1256305074.0399714
2025-10-24,928667628.0901155,1426854126.0147448,1261777588.150126,1255905775.6663747
2025-10-27,940776366.3170358,1427092191.3387585,1265659033.148814,1232437099.0150247
2025-10-28,917391028.4340158,1414646259.779556,1243599249.581245,1228713897.4516373
2025-10-29,939344355.0877013,1438863034.1847265,1258414564.8653219,1239887950.3227155
2025-10-30,930785631.4976276,1444261757.542529,1257778060.356621,1242596595.9554174
2025-10-31,922426149.700157,1418130429.6717162,1239094875.3359554,1239531280.349568
2025-11-03,933569643.0366533,1439474099.040284,1251738354.0109928,1256416278.5628817
2025-11-04,926727593.2848955,1433292678.5950255,1247693865.0413911,1251379603.311226
2025-11-05,915885808.281971,1426224484.424341,1233090481.8262627,1263012189.4984381
2025-11-06,918971453.4781048,1434411686.0417345,1237245267.3533611,1265825812.2007673
2025-11-07,927657030.0729717,1449915255.1051123,1248929019.9886508,1274561001.6117244
2025-11-10,925750258.6615177,1442630939.5259693,1246369035.4007697,1274052426.260281
2025-11-11,925600309.0141728,1449095503.0433211,1250802439.5460002,1270298309.8395245
2025-11-12,928749360.2250229,1459181738.1558464,1258293450.569301,1273646455.6153095
2025-11-13,922660835.7469172,1444119249.0281742,1250634578.7835517,1271131009.3070774
2025-11-14,920563158.2163656,1442597792.8464994,1248583327.525736,1270893624.718838
2025-11-17,924463495.8184396,1452105738.9490025,1252273718.2435772,1277945622.471024
2025-11-18,915896688.8116957,1442208480.5122013,1232187376.539473,1269601576.4353168
2025-11-19,924390124.5503137,1448452663.1441126,1237223903.3205745,1276381048.9700239
2025-11-20,924094508.0040784,1451844585.2069538,1239967837.0976932,1278406454.0139644
2025-11-21,916916510.5259514,1443306720.480344,1233810394.0127022,1277561447.912543
2025-11-24,924243755.0726509,1459988520.4342299,1261830888.5925088,1301232294.386544
2025-11-25,908831683.8693806,1457054452.2341275,1255763064.5319855,1293888347.6935441
2025-11-26,907824906.5825464,1471075478.0874228,1274479747.093439,1306072063.4963
2025-11-27,897705488.2358673,1459501067.0085855,1274760420.606912,1297529332.0463264
2025-11-28,897706308.8436034,1457615829.190805,1278927594.2678308,1291887407.6446438
2025-12-01,907278291.4170473,1464905462.9759753,1282783378.8949323,1297973112.2290874
2025-12-02,902283188.9081628,1472892323.6658914,1263537883.8988135,1308336335.855452
2025-12-03,904118694.1622372,1480943485.9659712,1266099401.9227529,1307538332.1990473
2025-12-04,907740966.4706905,1510470161.7409937,1271164438.13908,1311851733.2336943
2025-12-05,909179921.9341342,1504760058.7608583,1273186850.2370858,1310722784.9171083
2025-12-08,905672182.0851363,1494988363.3863063,1268264030.036502,1322555687.5182562
2025-12-09,890457276.1754874,1484119078.6779382,1253656504.4187098,1314430195.4382422
2025-12-10,898112282.1533535,1502465424.472502,1270781710.0487413,1321072070.9099348
2025-12-11,882019972.0964425,1477024115.7160676,1244479657.8084686,1308858404.0223417
2025-12-12,883673756.8031142,1471650769.6883304,1244556144.9975133,1314934322.6087692
2025-12-15,894508027.4783843,1488338912.8716016,1258268212.192905,1313288940.4877877
2025-12-16,899673057.3229809,1482509139.4244251,1258630976.470008,1318877338.445776
2025-12-17,900534896.2388617,1489416376.4100907,1264167381.6370368,1317492026.6357074
2025-12-18,921256744.8040605,1499042883.536741,1268536964.851936,1308511297.6381643
2025-12-19,923142962.1002946,1510867600.5408597,1262196781.4835858,1307198787.7224276
2025-12-22,918931959.401911,1516826454.7049732,1271596414.2825418,1312709194.2416816
2025-12-23,912854846.8264071,1501933417.9386532,1261458473.2479308,1303438147.3029938
2025-12-24,910874719.494575,1506201398.436515,1260904034.8443315,1296321650.92752
2025-12-29,920249687.9800966,1510305354.6420097,1264240005.2778363,1312468102.836012
2025-12-30,923118378.6078088,1516384635.8963046,1268928004.687253,1312875407.9352584
