tanggal,Trading,Investing,IHSG
2021-01-04,1000000000.0,1000000000.0,1017851101.0980859
2021-01-05,1027752619.7989081,1027752619.7989081,1023260528.1402225
2021-01-06,1029540761.543637,1029540761.543637,1011312766.4334334
2021-01-07,1051364032.5364904,1051364032.5364904,1025976516.8978755
2021-01-08,1078040986.8803632,1078040986.8803632,1043349824.7575865
2021-01-11,1089652040.650219,1089652040.650219,1064207709.884662
2021-01-12,1103578221.128843,1069714253.0557373,1066330466.51963
2021-01-13,1098228768.1354716,1081382234.2550035,1072922205.9149647
2021-01-14,1094765701.7049522,1073747831.0264044,1071773434.3377439
2021-01-15,1084676939.552393,1055024628.0127602,1062619651.8337198
2021-01-18,1082907940.19379,1053452029.6310254,1065357621.1969889
2021-01-19,1058741102.5396732,1036170299.28328,1054023851.0737444
2021-01-20,1098148557.5287602,1063440245.0127349,1072013999.8547652
2021-01-21,1092383236.205535,1057000575.9148232,1069368756.0833361
2021-01-22,1068855336.4777203,1033033875.9707909,1051568128.968517
2021-01-25,1058182783.2288928,1006214031.6996534,1043472671.9200857
2021-01-26,1028920569.9685414,981954312.8906006,1023732052.8355144
2021-01-27,1010297383.718081,998332680.0527557,1018563028.4910982
2021-01-28,994322323.4553579,983408865.3752782,996925076.0936003
2021-01-29,952445527.753617,973021678.8644147,977412159.8012823
2021-02-01,994500021.2649834,990387887.2602165,1011623344.2498248
2021-02-02,972442068.3645431,1005218576.9907866,1007671231.3600394
2021-02-03,960498189.6778189,996592327.1789702,1013323991.847312
2021-02-04,965977867.632699,991095637.1120098,1018237552.7086781
2021-02-05,988460692.5777082,1019655825.3348409,1025659100.6708481
2021-02-08,1006899011.4228402,1045132378.9035125,1035185413.7352408
2021-02-09,1010333484.4204854,1036089011.2799306,1030651384.6641803
2021-02-10,1030464950.770917,1055253152.0243465,1034011975.0339397
2021-02-11,1027900177.7461196,1050113684.8104422,1037462034.6095219
2021-02-15,1023335240.3412558,1049752425.8168876,1045432120.7962906
2021-02-16,1024415871.7814231,1047155741.4800651,1049112081.2246877
2021-02-17,1011145999.9810394,1033352044.9416295,1038330187.1217097
2021-02-18,1024944424.3798167,1049955552.4199008,1033758546.7921504
2021-02-19,1035853142.3825686,1053174585.9461024,1039031124.211914
2021-02-22,1076308591.196692,1098967198.1456423,1042929181.0938135
2021-02-23,1068000935.5909762,1096762245.0916262,1045846088.8687283
2021-02-24,1090331168.3301153,1112792764.0457942,1042219288.942062
2021-02-25,1098475415.8381581,1124762176.2861059,1048653582.0734648
2021-02-26,1099510449.2490041,1119211959.5146701,1040675680.5602547
2021-03-01,1127562025.7162523,1141923962.5033023,1056801059.8885208
2021-03-02,1095820945.8916821,1103399531.3556662,1060250956.6448022
2021-03-03,1082104381.0034406,1089814206.7054448,1063177307.9391668
2021-03-04,1042230153.8531132,1046636172.6817063,1048845790.2581304
2021-03-05,1044752534.3480438,1036640922.7620403,1043502223.6231918
2021-03-08,1029619679.52091,1032846095.2344342,1041787573.5658306
2021-03-09,1005306598.4058933,1012561027.6233065,1033648318.1254679
2021-03-10,1031794142.1562306,1015933744.1104525,1044490943.8276669
2021-03-12,1050803776.3639857,1043088954.8156028,1060084880.9579246
2021-03-15,1034942936.9168813,1025877166.0334452,1054424467.9635116
2021-03-16,1048770197.8674395,1023797609.0050374,1051996995.0069833
2021-03-17,1038582168.7427497,1022687803.0037968,1046583171.8437234
2021-03-18,1052937424.581145,1028785512.3471968,1058354274.609079
2021-03-19,1054544633.9197657,1019811894.4897747,1059743286.0647194
2021-03-22,1037337504.6882275,1013178590.2779233,1050568418.4612339
2021-03-23,1025539280.2213352,1002186727.3812056,1042495674.7052727
2021-03-24,1018667641.6668887,985166996.5441165,1026394555.4528347
2021-03-25,1023348917.5301259,979521721.4040493,1020848523.0172762
2021-03-26,1032296182.3708863,1014447854.9638115,1032967244.9899687
2021-03-29,1020524780.6896024,984085467.6718819,1028174821.6884427
2021-03-30,1000797102.7160873,968604296.0422745,1012273074.6699083
2021-03-31,1006413669.1719213,957456629.7692211,997947906.9416056
2021-04-01,995390997.825198,959694820.5841119,1002271817.7049056
2021-04-05,988231507.7905056,941847379.0260293,995407681.6192315
2021-04-06,1000027465.3886281,960667385.3736441,1000823621.4334025
2021-04-07,1013989545.8751342,978833334.5108825,1006466694.1722739
2021-04-08,1032138797.7298354,994296263.8925161,1012320129.447857
2021-04-09,1030340813.3839793,977341658.559442,1012067515.302572
2021-04-12,1008863464.906447,961710158.8542187,991786824.5970466
2021-04-13,1001141996.2596339,957509859.8831255,988263252.107126
2021-04-14,1018405437.0921333,978994390.8168088,1008744129.1430593
2021-04-15,1022269791.9764054,978555127.362547,1013616740.9502591
2021-04-16,1015262633.2108874,986091424.6926438,1014743287.6929123
2021-04-19,1005212031.4581418,973546465.4518377,1009121625.6921041
2021-04-20,995214666.338022,968979522.2194165,1006751058.0812267
2021-04-21,993812755.2083104,969064736.218605,999235074.9245577
2021-04-22,995609281.3439183,975242633.9973764,999392114.1402376
2021-04-23,1005322782.0233393,981349990.4567711,1003173429.5834203
2021-04-26,997466068.9282067,975217682.0111785,994496463.401966
2021-04-27,992876536.8905145,964229190.5607074,993629532.0345347
2021-04-28,997254900.283208,969218482.9039413,996106746.2874757
2021-04-29,1003898858.7998817,977815169.5537413,1002522722.2475315
2021-04-30,1002046160.3228786,981283662.5743608,999630888.6449494
2021-05-03,997603582.7973518,977013329.8691916,992458454.2130959
2021-05-04,1007900713.2741867,995897358.848777,994329573.618584
2021-05-05,1010185013.1748489,993749464.4361515,996345520.7921876
2021-05-06,1015332479.6273614,990492691.5769304,995400029.112091
2021-05-07,1015212189.5256425,999140339.1771182,988408975.381396
2021-05-10,1025012529.2242492,1017516741.6223009,996324842.7409782
2021-05-11,1015995294.8088468,1011898455.0389849,990083246.252144
2021-05-17,985245974.3021152,981183768.5322996,972661743.8793783
2021-05-18,994619391.4856602,1007198137.4513144,972750806.0369489
2021-05-19,983677844.066706,996039848.1593664,960444679.0489659
2021-05-20,964876876.2455518,982238531.535879,966615774.7805277
2021-05-21,955588488.3683226,962770483.032085,962534790.4141114
2021-05-24,954553823.6234728,944653849.5288268,960952838.0869514
2021-05-25,970083280.3890904,977380707.395665,969657320.7302511
2021-05-27,970937443.6038098,970084791.4937772,973990267.964749
2021-05-28,984654215.3151718,974022919.2625102,975122024.9250299
2021-05-31,1005198655.494926,983819380.162506,991602431.7388222
2021-06-02,1031392330.67189,1000747310.6047882,1005626709.3991349
2021-06-03,1033991346.888135,1000149134.9756832,1015619499.7604928
2021-06-04,1012623953.002537,983572448.340211,1011226716.4329287
2021-06-07,1006311222.199156,981002683.9615253,1012021844.4886806
2021-06-08,1003827925.669345,984274504.5333607,1000256603.2181561
2021-06-09,1021417010.3617421,1057496009.942084,1008277163.3881915
2021-06-10,1018128660.8439782,1078424266.76012,1018291283.0779622
2021-06-11,1030776766.439426,1076124981.2154028,1016283721.0983529
2021-06-14,1034405564.734127,1065447878.1380525,1013763929.5982369
2021-06-15,1018628335.3266209,1062922433.3208125,1015206834.242462
2021-06-16,1039369611.3244939,1074204391.8392243,1013461167.1082869
2021-06-17,1042552986.6912937,1082128228.5983968,1011773707.8741693
2021-06-18,1021972921.3913294,1045232060.9618771,1001548900.0090853
2021-06-21,1003604843.070656,1033303698.5185318,999737046.8291104
2021-06-22,1042779539.7910378,1060815902.1523407,1015007380.5989081
2021-06-23,1026029346.4746804,1056303600.1236556,1006121028.7965472
2021-06-24,1021616301.675981,1046972689.0312631,1002371870.1652844
2021-06-25,1030166569.2162024,1057277686.1734877,1004096289.3806973
2021-06-28,1015055803.4476523,1031690502.6139362,990269999.9902308
2021-06-29,1028460477.0039545,1027964603.4612619,991867013.1027204
2021-06-30,1046875371.4768493,1039246971.5152856,997942371.0853763
2021-07-01,1043279001.7065134,1026023097.6668482,1001355145.0410614
2021-07-02,1049442208.5163801,1043532518.490336,1004197807.2147838
2021-07-05,1032905343.6194572,1028272106.2749952,1001296937.1410038
2021-07-06,1075208721.6141524,1070625761.9701805,1008216431.7889706
2021-07-07,1069599508.7682601,1067986496.2682333,1007703958.0395124
2021-07-08,1078717219.5196674,1073053938.304076,1007013522.7942137
2021-07-09,1073624163.4164048,1073649088.8936005,1007004893.371268
2021-07-12,1066652522.986937,1072939882.1988275,1013461167.1082869
2021-07-13,1045946180.4677318,1057689031.977519,1002367881.0924133
2021-07-14,1052800498.4784006,1060214007.3945193,996896338.4869984
2021-07-15,1066284275.7087793,1073615011.7534852,1008156921.334506
2021-07-16,1069633584.3199348,1074424393.8682542,1012451117.5753992
2021-07-19,1074504680.813968,1078308010.8382256,1003261840.4637876
2021-07-21,1053339690.9300742,1060206947.4113212,1005359604.3360734
2021-07-22,1079035618.446596,1084925618.0185382,1023294557.3741025
2021-07-23,1083585909.6090941,1083928582.1034272,1017316239.6947594
2021-07-26,1081150880.8528345,1081606436.8300464,1018100540.2670041
2021-07-27,1071925419.8203404,1083801002.0411315,1016542440.9674202
2021-07-28,1103882823.3866882,1113488699.5215359,1015120947.0612582
2021-07-29,1126346359.6449223,1126074591.6009195,1020490239.1457328
2021-07-30,1100793765.7539372,1095167346.5407832,1012039184.7442223
2021-08-02,1111179993.256259,1109105580.3329327,1016458100.5695745
2021-08-03,1093338560.0098238,1100127340.4405618,1022131457.6984059
2021-08-04,1089397178.4071622,1103263654.1174812,1026877233.2702354
2021-08-05,1078336940.0771978,1094565400.2703836,1034610335.9646018
2021-08-06,1064362356.7924279,1082766349.4059842,1034279242.9163021
2021-08-09,1051567250.9861228,1071373339.5213177,1021612145.5383116
2021-08-10,1048786844.2854152,1059220014.1850935,1015101815.7934071
2021-08-12,1077009602.8653064,1088743783.6958299,1023645514.3771071
2021-08-13,1075823032.271052,1086000642.4967046,1023618893.4214164
2021-08-16,1056049679.2759132,1067878979.6045705,1015019266.4078708
2021-08-18,1028782026.8730115,1045618179.4863813,1020060559.0107621
2021-08-19,985429953.750288,1011792289.5193827,999081617.7334968
2021-08-20,996784926.8473333,1022639876.5526385,1005492302.0662746
2021-08-23,1003018978.0175436,1029879620.4737867,1018673094.3384799
2021-08-24,1003237072.1102846,1029618834.9121397,1015283359.3138665
2021-08-25,1002985081.5615964,1024423283.6959512,1019241984.9756862
2021-08-26,1004990920.4693997,1028600609.6388164,1010045299.5858854
2021-08-27,996620101.9811536,1018514863.9815431,1007258647.251659
2021-08-30,1029605616.7255099,1052505477.1424444,1024520830.9385328
2021-08-31,1025256745.4319885,1050789707.9643734,1025420651.804738
2021-09-01,1021776542.2305727,1042846378.5305177,1015522785.0957817
2021-09-02,1025810597.4489688,1050490970.7877892,1013404668.8108883
2021-09-03,1039905945.632936,1064958104.2996407,1021522920.56144
2021-09-06,1044411750.0703499,1069509876.4699798,1021525769.8992051
2021-09-07,1038316062.0681747,1063224923.6186503,1019101878.9672958
2021-09-08,1022156072.4434981,1046756499.021172,1004700023.3482877
2021-09-09,1039803979.0621119,1064960325.1427633,1011735770.9770689
2021-09-10,1036759528.7075019,1061701502.4519969,1016179679.5651032
2021-09-13,1039133036.9264356,1064008150.7114499,1015059971.233086
2021-09-14,1046211089.5337298,1071418525.0985487,1021885437.7348058
2021-09-15,1045313979.9135104,1070537426.3896332,1018739931.661483
2021-09-16,1042591144.6829023,1067770428.2780963,1018692062.7870301
2021-09-17,1050263429.9393299,1075024780.7720635,1022577501.1731131
2021-09-20,1038778013.9267385,1063119141.9768403,1013085542.9812019
2021-09-21,1048948670.7968595,1061161914.7893906,1010491587.2895439
2021-09-22,1060355873.2386184,1082750420.1185532,1018412502.0474527
2021-09-23,1065780658.9066237,1078157620.473177,1024155708.6563532
2021-09-24,1070922690.6839639,1084514085.000359,1024506340.0207562
2021-09-27,1087267731.843138,1093691839.9086297,1020785023.4899405
2021-09-28,1118231401.1530745,1125799276.050447,1019220574.2376231
2021-09-29,1126559150.314518,1121505738.2524352,1027463952.620886
2021-09-30,1149694431.427595,1146814220.7358983,1048202898.2486831
2021-10-01,1153519588.5816705,1129805600.2324295,1038516452.4018941
2021-10-04,1194081838.5193732,1200473147.897664,1057496786.7610976
2021-10-05,1205132738.6067374,1207950228.0841665,1048387291.1069075
2021-10-06,1228402186.5151253,1230490576.5137317,1069940821.6969093
2021-10-07,1215868167.6953945,1218160611.488334,1069786224.7707423
2021-10-08,1237977580.6646714,1240134022.0582654,1080685674.4089415
2021-10-11,1250375000.958551,1252726848.4846034,1077005632.570894
2021-10-12,1259058885.3429568,1261946445.2447467,1081435620.1087048
2021-10-13,1259792348.5144224,1261825629.718854,1089878126.4969199
2021-10-14,1273078608.352544,1275332887.662016,1104751832.4498215
2021-10-15,1273202095.793463,1275569924.9282296,1105956288.2279365
2021-10-18,1275022189.7440143,1277453595.869248,1110196184.2319927
2021-10-19,1269404506.2571158,1276977206.22757,1109734347.2851021
2021-10-21,1247715497.3927681,1254810993.1890588,1105895312.3997643
2021-10-22,1242807760.6558242,1263785232.170165,1107690232.3724499
2021-10-25,1235340796.0638943,1251650248.3209908,1104682308.608354
2021-10-26,1254513658.3120801,1265072372.3366323,1109890898.0428793
2021-10-27,1247713259.6552327,1245362195.3017387,1100766260.1937094
2021-10-28,1237577853.6685727,1222633056.4989104,1087739413.5704677
2021-10-29,1246243977.260737,1238941504.4881063,1098955139.7005882
2021-11-01,1239857070.6515217,1224007672.5954504,1092543315.6327045
2021-11-02,1231949187.0255885,1216509816.862051,1082604011.4116793
2021-11-03,1246098963.9133935,1230715773.6578178,1092416723.6262853
2021-11-04,1242239460.8193986,1235745374.6544676,1098137623.990968
2021-11-05,1240492639.63471,1231234363.8675928,1097361057.3355143
2021-11-08,1245673509.0946822,1236394147.8332925,1105782722.8532193
2021-11-09,1241161651.8595452,1252751630.246284,1112056313.3346727
2021-11-10,1254097623.2291207,1255071853.766968,1114260479.620071
2021-11-11,1246292864.4925375,1248829862.1875544,1115627103.421843
2021-11-12,1238271727.2643244,1255479096.424301,1108910074.5744963
2021-11-15,1230583516.1851869,1244868122.1136818,1103070397.529836
2021-11-16,1247095003.8228781,1256519795.3150954,1108935555.795081
2021-11-17,1249235578.9770582,1261548222.4412313,1113036566.935503
2021-11-18,1239343162.5232913,1253018510.730143,1106478368.3161457
2021-11-19,1275416268.3808289,1281866774.0586016,1120449078.4264753
2021-11-22,1272797855.2027996,1285852327.7619588,1120969774.550627
2021-11-23,1264823200.0402424,1277139449.0052745,1113381988.0822785
2021-11-24,1274589377.5876222,1287621674.6217349,1114282460.225687
2021-11-25,1289804013.5207827,1293690827.2305157,1116961651.8213456
2021-11-26,1256862875.3888412,1261384017.5273032,1093987848.4699383
2021-11-29,1269959610.9908066,1280226344.22483,1101780135.9801674
2021-11-30,1231084467.833168,1257910160.5805357,1089382667.3644016
2021-12-01,1220442385.3603067,1252488102.4204555,1085005189.0511184
2021-12-02,1252807260.9721947,1272518477.674848,1097700291.348857
2021-12-03,1235935828.2775347,1258110288.3842294,1090145231.5599816
2021-12-06,1241722533.6640058,1260765232.7616336,1091580809.3356678
2021-12-07,1261940802.1271653,1270304258.1874938,1100826259.1060765
2021-12-08,1241407477.8313513,1269266053.5918915,1101031167.1962094
2021-12-09,1252696901.1617944,1289287767.5680044,1107722633.413321
2021-12-10,1246674630.2895246,1277679648.2291155,1109221466.4873917
2021-12-13,1238196068.1966963,1269483972.7230682,1110880269.5245578
2021-12-14,1245170613.4700537,1257226193.9276452,1103005106.9901907
2021-12-15,1245483427.585235,1262974703.3466623,1104775685.4773977
2021-12-16,1240980492.5865653,1266212053.6832016,1099530624.5194795
2021-12-17,1239735119.4717205,1267260118.9977329,1100720100.9219155
2021-12-20,1228502360.9682941,1269780857.7375782,1091580076.6488142
2021-12-21,1239895866.434572,1269652378.04009,1092780054.8961556
2021-12-22,1231945222.0958529,1262839476.341014,1088659179.8010283
2021-12-23,1241133801.1048794,1276261911.7116485,1092987079.6371996
2021-12-24,1235697361.7797928,1268291766.509541,1094212376.2858248
2021-12-27,1245694302.0276742,1276326802.1063154,1096303790.205377
2021-12-28,1244660499.4941888,1274956000.568319,1100121658.5816028
2021-12-29,1247026055.4350014,1276748149.6696541,1100510796.7106593
2021-12-30,1239713557.404751,1268611344.9424787,1097310501.9425972
2022-01-03,1264861601.2605305,1290156156.229057,1111286585.0898552
2022-01-04,1272730623.3802817,1300978348.4548907,1116299221.4957948
2022-01-05,1253017335.1002018,1285130561.0056667,1110784857.4142537
2022-01-06,1257174540.6059842,1293293882.3815343,1109293025.5701199
2022-01-07,1269830043.3186426,1317607430.4738963,1117290058.351181
2022-01-10,1270141629.8878322,1314751711.902764,1115590794.717751
2022-01-11,1263575978.0999436,1300194003.4679723,1108395891.222379
2022-01-12,1273114000.331762,1302483621.0555842,1108244957.7304814
2022-01-13,1283977476.5991373,1313671787.7627406,1110127474.4870296
2022-01-14,1288965765.977446,1312382891.969775,1115970407.9177072
2022-01-17,1293091149.1824665,1312701204.7057266,1107908654.464554
2022-01-18,1279183342.328281,1307535936.0481782,1102741991.0000002
2022-01-19,1262190042.9935884,1296145015.5951152,1099060972.2461476
2022-01-20,1276592098.9700222,1305554913.707757,1104878098.8176389
2022-01-21,1296044531.388844,1321530945.1564357,1121467757.3823085
2022-01-24,1282542731.2654583,1307879276.4394178,1109595625.2407691
2022-01-25,1265644806.978531,1292625969.7365642,1095091519.1008205
2022-01-26,1275282608.8153625,1293581252.6476007,1100534486.9189346
2022-01-27,1283040802.0476093,1297293536.3837833,1102258824.724697
2022-01-28,1277413641.1013322,1284817458.1670983,1107985912.2228124
2022-01-31,1258801035.6567855,1267425617.6733603,1105591654.4036596
2022-02-02,1261960813.4836955,1276393566.3237152,1118346429.9751635
2022-02-03,1255280792.422764,1288798169.5280817,1114378197.974593
2022-02-04,1252795153.4900193,1286371868.9065814,1122304404.3597798
2022-02-07,1262622684.1086512,1295646376.7818215,1134566488.72688
2022-02-08,1258463094.8309484,1284879531.215975,1131996386.062798
2022-02-09,1273808799.2960482,1302146906.1406534,1139513101.906321
2022-02-10,1289645995.1249413,1308744410.7742383,1137685129.6155608
2022-02-11,1282779957.7395704,1299727288.5012255,1136345452.4080813
2022-02-14,1280245119.1372557,1298375348.368309,1122820378.7242067
2022-02-15,1299615547.5435388,1313103264.3367226,1134993319.5240858
2022-02-16,1288904331.749291,1296609714.058357,1142112756.273509
2022-02-17,1281834290.669034,1286405118.2575285,1139598337.8103213
2022-02-18,1293180475.6910784,1295714151.739215,1149218597.6113107
2022-02-21,1275988041.4449332,1281324747.5042384,1150910371.556901
2022-02-22,1271195183.885496,1281460321.0368648,1144079450.6086023
2022-02-23,1295741921.7738917,1294899939.9910927,1153759953.5509098
2022-02-24,1311357683.545078,1293927830.9186182,1136714400.943831
2022-02-25,1316325514.1352472,1293492167.6938262,1148443821.9681664
2022-03-01,1327085797.0386245,1297029736.1251564,1153990831.31953
2022-03-02,1328503532.9377608,1331532984.3130288,1145147789.451198
2022-03-04,1405497347.558951,1393768048.744553,1155139114.4388483
2022-03-07,1428712670.1497579,1420087911.2827704,1145258506.575783
2022-03-08,1385187414.5316665,1365379763.257919,1136108061.8674266
2022-03-09,1385751561.615808,1382981104.4099061,1144487394.366908
2022-03-10,1363970585.527459,1363966515.5566573,1154418801.8518417
2022-03-11,1391445056.6234426,1380374761.9527707,1154184423.468253
2022-03-14,1341584960.708405,1331026878.3287432,1159119883.525585
2022-03-15,1312319149.3900907,1303344238.7816496,1153447991.7704613
2022-03-16,1349280130.008248,1341428697.4616396,1165820793.2621465
2022-03-17,1335445318.9553978,1329481006.8654504,1161150728.6652172
2022-03-18,1346027162.335717,1332661743.4570293,1159580173.6891174
2022-03-21,1340167314.1118548,1326781542.2163382,1159616238.164258
2022-03-22,1349210431.2617583,1338501946.556082,1167225761.0092714
2022-03-23,1344041372.1059718,1336840539.570029,1166441053.3887744
2022-03-24,1372363255.6639042,1369118972.8971603,1175372587.547124
2022-03-25,1346350762.5517864,1347995732.4380598,1167510939.0147283
2022-03-28,1380124846.7291648,1370652426.571193,1175358910.7258518
2022-03-29,1349856492.928297,1338829079.35564,1169037614.1892462
2022-03-30,1352240454.7043672,1327474385.3523118,1175956946.0179121
2022-03-31,1338551351.9057195,1321376484.091135,1179000038.7509937
2022-04-01,1343738592.9528356,1332252874.8881092,1180220125.1819913
2022-04-04,1364969510.768569,1335971753.4607506,1186465385.105095
2022-04-05,1365136107.8179972,1340502270.9822445,1191814161.9576612
2022-04-06,1356705484.3349829,1329590579.9350321,1184464335.8975203
2022-04-07,1352075314.1209166,1333816307.8884091,1188324293.0630186
2022-04-08,1378459392.6630468,1362261409.5153706,1202240621.5268607
2022-04-11,1366723182.5806534,1350534944.965265,1201066694.3676572
2022-04-12,1368357861.337325,1354889143.9659922,1202898492.9119873
2022-04-13,1386477162.7876678,1373786111.5992708,1210900735.910676
2022-04-14,1381823232.3701077,1369809373.358245,1206358321.6456213
2022-04-18,1391292408.6774588,1379295844.5509906,1212986858.2029505
2022-04-19,1378224349.4020956,1366266252.8588586,1200306084.0036876
2022-04-20,1391844015.9183817,1378996437.2969172,1204996093.9649723
2022-04-21,1416200177.4206429,1401815200.937452,1213137547.4658966
2022-04-22,1417262508.3598428,1403179667.6044235,1204703344.8620253
2022-04-25,1426519877.9617448,1411151773.0884867,1203098272.194143
2022-04-26,1452842206.5517607,1438194244.6739323,1205794885.4549937
2022-04-27,1450093638.7577124,1435080334.5758507,1199894639.6304133
2022-04-28,1463222954.4729738,1448827573.0254664,1205254895.24369
2022-05-09,1389021366.2541347,1376304880.1982646,1152041802.87858
2022-05-10,1433988295.157103,1421196202.5802786,1137043540.1605203
2022-05-11,1472569620.1057901,1459433548.1057012,1136444853.5912564
2022-05-12,1415713188.6940022,1403081973.1408577,1100371260.569822
2022-05-13,1446513058.8814502,1433608132.8893998,1100063369.271895
2022-05-17,1449487097.639656,1436556153.8873768,1107811776.9805422
2022-05-18,1488093581.5285668,1474819902.666081,1132645302.3863773
2022-05-19,1463547009.1562552,1450491798.0450628,1137633922.9454403
2022-05-20,1481545942.395318,1468331510.3315313,1153441153.3598251
2022-05-23,1461490704.1464896,1448454897.5651903,1140541631.4298563
2022-05-24,1480009000.2770407,1463429952.590839,1152773757.0455983
2022-05-25,1470259235.7529576,1453551140.954291,1147665708.5293543
2022-05-27,1494378075.0977986,1475938149.6903248,1171466308.290531
2022-05-30,1487469232.6951444,1467604948.644957,1173351837.2041452
2022-05-31,1512502809.783792,1492464391.8608823,1191926100.2270026
2022-06-02,1500904640.7703085,1481903590.9551678,1191884906.943885
2022-06-03,1509238019.648391,1489040838.2376928,1197593270.2224014
2022-06-06,1497576498.2148397,1477639504.0367591,1183191577.4226942
2022-06-07,1497164419.998039,1477241510.3507981,1190604740.1908698
2022-06-08,1520697096.5785203,1500423142.169584,1199319399.0404732
2022-06-09,1496355875.8688185,1476391285.3486195,1197571452.4360862
2022-06-10,1459971901.0301573,1440705726.2284384,1181535298.0846915
2022-06-13,1444590594.2517529,1425170696.566536,1166328789.4808311
2022-06-14,1456939799.9490292,1437193242.4272032,1175405395.6362474
2022-06-15,1429942265.1015139,1410014970.4727147,1168264141.1005087
2022-06-16,1447457424.836581,1427416272.711985,1175479478.418139
2022-06-17,1425940878.449213,1405520531.7712467,1156579413.9742596
2022-06-20,1452924121.1291108,1433083172.5850382,1163150149.6797833
2022-06-21,1465134133.6647427,1444664616.3341315,1174436539.3864772
2022-06-22,1437636496.659533,1417329319.2519615,1164472975.089624
2022-06-23,1446702690.4752753,1426450210.9145114,1166799825.7182205
2022-06-24,1443672028.9888246,1423592240.2007024,1174247506.1781783
2022-06-27,1433065702.7326162,1413057153.3306208,1169765579.2833931
2022-06-28,1443794959.2031553,1424018405.5998826,1166497877.3247747
2022-06-29,1413514515.973163,1394339756.8029695,1157477118.1895535
2022-06-30,1400657719.4153576,1380709875.6091542,1152347089.0676935
2022-07-01,1381168184.581137,1362739667.7197554,1132797701.2519827
2022-07-04,1357958502.6339054,1338434419.7799306,1106928970.7312768
2022-07-05,1380334516.8996255,1376231276.139032,1117615208.4949994
2022-07-06,1357066358.4252045,1363501560.368402,1108135787.3892543
2022-07-07,1354758254.724031,1365902168.1167078,1109165619.4671967
2022-07-08,1358411541.1465802,1366311756.4099898,1123776290.8395581
2022-07-11,1349592568.1024833,1359370207.2310958,1120762831.2192333
2022-07-12,1353831829.8736823,1357934578.2099905,1120120753.3062901
2022-07-13,1341130204.917071,1359341105.277283,1107232140.269479
2022-07-14,1371511865.273689,1381853936.087988,1115417880.6202374
2022-07-15,1352162299.7114508,1362676477.5353308,1109051890.1855457
2022-07-18,1369635975.6147068,1373016777.367623,1110277024.01487
2022-07-19,1373871461.001522,1382371325.0122788,1123088135.0644715
2022-07-20,1415675313.0728397,1419525930.847006,1146205056.5813353
2022-07-21,1413031970.1795425,1413067069.2967281,1144435699.238885
2022-07-22,1405370010.4384487,1415859495.6450672,1148242251.673701
2022-07-25,1401464036.3961349,1408051999.672085,1143481415.316542
2022-07-26,1405619028.5242953,1411763240.4782262,1145670520.8166103
2022-07-27,1403048468.8100538,1408048910.7723465,1150118581.2968166
2022-07-28,1393532423.2688246,1397173883.7128909,1159888960.493199
2022-07-29,1416545216.9242988,1399527639.0100875,1158939642.5595324
2022-08-01,1433973590.5834231,1404059553.6774392,1161884066.7962925
2022-08-02,1439128334.478315,1415586862.292725,1165114238.9060626
2022-08-03,1463942707.3330717,1439994093.8250346,1174864021.4608865
2022-08-04,1452710580.193873,1428941418.6304321,1176650230.6009758
2022-08-05,1464560346.0854254,1440599826.997363,1181202983.8916354
2022-08-08,1462202084.3390303,1438272667.68933,1181568838.8606687
2022-08-09,1474433231.7959898,1450505276.5284038,1184241599.093943
2022-08-10,1496891893.03997,1472075984.3142915,1181466588.3397284
2022-08-11,1503374652.973402,1478522446.9485266,1193829213.62511
2022-08-12,1502223254.934563,1477305552.8445501,1188642686.205851
2022-08-15,1508835942.3398125,1483727829.2352195,1182640352.6796312
2022-08-16,1509608803.2411952,1484317949.6965232,1189338982.9459808
2022-08-18,1509390348.2164402,1484379579.9256525,1198193015.1171207
2022-08-19,1506737126.534502,1481902974.2295582,1195838159.5687764
2022-08-22,1497860168.3191218,1473067073.3791575,1185092411.3505893
2022-08-23,1556892787.893933,1532411099.3219857,1194309449.1529977
2022-08-24,1583552091.0138106,1558934545.641193,1199551497.9538498
2022-08-25,1589609808.2284138,1564839308.7911263,1196133920.8287892
2022-08-26,1613464667.6736627,1588851747.8828669,1189638244.8209622
2022-08-29,1660453526.3526921,1636512350.808521,1189104197.5141401
2022-08-30,1655233807.442788,1636867398.4151769,1193677221.8077567
2022-08-31,1651342867.6752157,1627363628.9516277,1196864491.0317502
2022-09-01,1653007359.829482,1632770366.4055479,1192615314.327545
2022-09-02,1666989529.0861533,1641675269.010875,1196629298.5516572
2022-09-05,1713691572.4994211,1687435916.315761,1205749865.9183056
2022-09-06,1726818306.7599018,1701575293.3397717,1205961938.0576766
2022-09-07,1683456985.0109925,1658513865.6276817,1198226148.844846
2022-09-08,1664642671.4862142,1639604305.6221812,1205772253.572174
2022-09-09,1673543322.9803495,1648303991.7594895,1207546007.0357475
2022-09-12,1702100136.8835235,1676633173.995421,1209514736.6121016
2022-09-13,1728384580.056441,1702068158.614747,1220110609.6638465
2022-09-14,1731707602.1643813,1705831527.3174992,1213451870.1262078
2022-09-15,1765388546.2752368,1739706921.2953806,1218040687.8920078
2022-09-16,1718617720.8512797,1693421584.63976,1195243950.5302863
2022-09-19,1740429727.5130482,1714471881.9552424,1199681834.8041887
2022-09-20,1732139967.7003777,1705673937.10939,1199925819.526528
2022-09-21,1731387417.2248354,1705104595.8204498,1198485764.220068
2022-09-22,1752071769.798895,1726067421.950698,1203586241.6388218
2022-09-23,1737368227.475035,1712234642.1994553,1196863351.296644
2022-09-26,1700583353.8428655,1674653734.562915,1188346924.9458382
2022-09-27,1684590217.7202706,1658075436.8306975,1185837065.4230745
2022-09-28,1663582578.7516406,1636843700.7214503,1179931853.609818
2022-09-29,1673677217.777052,1647424484.2450733,1173123971.592591
2022-09-30,1677730173.779589,1652124878.6039243,1173890850.4996436
2022-10-03,1679932391.47227,1654673950.8634949,1168708963.4304595
2022-10-04,1709568615.5944614,1683611248.394973,1179135748.6382608
2022-10-05,1696763725.7067776,1670999991.5005724,1179657421.6782176
2022-10-06,1687858125.4566948,1662229449.696671,1179863876.5517087
2022-10-07,1667704840.6632879,1642381418.900197,1171554230.7129955
2022-10-10,1682894550.181207,1657342393.3106272,1166154247.1903088
2022-10-11,1673791640.7320223,1648374636.5914762,1156942582.4248288
2022-10-12,1678835268.6685517,1653812505.8080406,1151951438.1666026
2022-10-13,1677358396.8154387,1652196850.974256,1147185717.2304177
2022-10-14,1686617298.838111,1662419741.1085606,1136165862.719232
2022-10-17,1685908344.2237585,1661156383.681036,1138931104.3153954
2022-10-18,1669079147.3220334,1642968040.2090797,1139494459.0963724
2022-10-19,1675962273.6163042,1648827359.429303,1143816334.6184118
2022-10-20,1710956329.8902662,1684456361.008926,1163862891.1692998
2022-10-21,1723396303.9877164,1696083212.5188618,1170051652.795005
2022-10-24,1777173619.3322017,1749705205.1941175,1175932604.5324335
2022-10-25,1770544162.6603906,1743299244.7359653,1175154979.551524
2022-10-26,1761652947.8689177,1734362500.9062657,1174414558.7808611
2022-10-27,1795427895.1867027,1769087060.7333546,1182387819.9439967
2022-10-28,1784100881.7290094,1758138630.171724,1176432134.1474733
2022-10-31,1798145101.2682872,1771990650.3137498,1183576400.840278
2022-11-01,1769462221.5457425,1741504907.4285474,1175809106.0927308
2022-11-02,1746645276.0689893,1723289645.754045,1169704684.8648715
2022-11-03,1757360667.6685042,1730667744.231659,1172853040.2759593
2022-11-04,1779717655.62042,1749095456.7484403,1174679302.9640603
2022-11-07,1786882329.422029,1765590723.11016,1184160922.1303668
2022-11-08,1777938342.7758708,1752013417.171924,1175446100.4614625
2022-11-09,1775562627.9729424,1752079800.850067,1178773638.513147
2022-11-10,1740727700.1044402,1725558342.10938,1161559567.9296777
2022-11-11,1769553898.511794,1751123883.6099,1181961803.2432954
2022-11-14,1764968316.6037498,1733317926.168173,1170321932.8344333
2022-11-15,1756639780.1231627,1729506978.318924,1173007555.7924757
2022-11-16,1752836584.3240135,1724170049.1202655,1169486914.0499706
2022-11-17,1751813012.2587106,1733135859.5987568,1174589101.0713835
2022-11-18,1738956734.4571195,1716879695.6111417,1180790562.6025558
2022-11-21,1743484342.0739985,1721347510.5568666,1177633740.5878234
2022-11-22,1740955528.5565712,1717901958.7009804,1172188574.7091477
2022-11-23,1757290079.3910282,1723863336.3746915,1176112519.8598843
2022-11-24,1757910295.998677,1728572008.6072195,1180512792.875288
2022-11-25,1759874712.4393718,1726202386.8971791,1175950270.4265769
2022-11-28,1748732526.4491386,1716360702.6966672,1169982780.230741
2022-11-29,1765578186.5197573,1722355973.987187,1169100950.897281
2022-11-30,1800756123.079461,1752955711.3803933,1180645816.2440908
2022-12-01,1800432117.7281246,1755311269.9827628,1170557206.7241766
2022-12-02,1787921485.0659018,1730604222.1532733,1170363126.117551
2022-12-05,1793477411.1613555,1732818696.9319968,1164976005.3196323
2022-12-06,1769443217.3822436,1715127961.1104708,1149177241.508892
2022-12-07,1747311677.526872,1693856002.3206131,1136869811.9665022
2022-12-08,1767232246.5034885,1713342308.5947986,1134448119.0951545
2022-12-09,1768960221.120592,1714927994.3567622,1119591264.939892
2022-12-12,1799915364.4897227,1744921846.91574,1122814761.4583268
2022-12-13,1805005255.4804108,1749478214.9496937,1135463297.4360194
2022-12-14,1800550435.8833098,1745480193.7812965,1134034965.1192212
2022-12-15,1772180396.5627773,1717452576.0701864,1125717096.9058146
2022-12-16,1806517646.5568228,1750957590.1450984,1135776236.1322732
2022-12-19,1793906313.6857424,1739444208.12442,1130358505.3057926
2022-12-20,1770190064.669385,1715607573.3499742,1128460764.9446137
2022-12-21,1774640103.9638886,1719785264.3228962,1137188449.3382862
2022-12-22,1783901123.196497,1728919607.6981845,1137816850.429957
2022-12-23,1768903860.3759851,1714402101.7046022,1133855538.249673
2022-12-26,1771947874.1403897,1717291935.4213805,1139713532.4656801
2022-12-27,1761734669.6001894,1706900025.8221757,1154255249.8641274
2022-12-28,1748534675.440372,1693635547.1077821,1142166405.2331426
2022-12-29,1747184038.1418154,1692383495.2042851,1143759836.3210132
2022-12-30,1736977438.3636773,1682247065.4886382,1142182931.39218
2023-01-02,1749623480.015234,1695149554.352117,1142243744.4010513
2023-01-03,1754930938.7104068,1718984368.047227,1148541676.3679833
2023-01-04,1711230522.1981738,1670034812.1009712,1135950615.6034946
2023-01-05,1662450132.2886844,1625213894.1131248,1109374679.4495015
2023-01-06,1678702117.5452602,1637534149.4456806,1114496079.148416
2023-01-09,1671163088.5004702,1622660291.2360568,1115114141.2144823
2023-01-10,1669979637.881397,1629340190.8567734,1104149156.8076866
2023-01-11,1668521570.0835938,1616578381.4089231,1097805879.6654649
2023-01-12,1692152211.899918,1622164817.593081,1105388781.5547876
2023-01-13,1725685065.289863,1650755460.8103702,1107372164.868219
2023-01-16,1742006247.8277178,1644505087.9502718,1115079460.703399
2023-01-17,1787364177.0039406,1682112542.815804,1128298027.0534039
2023-01-18,1790947082.2470086,1681711676.043536,1128038981.545735
2023-01-19,1798594504.0533895,1713331264.7491705,1137062427.1994202
2023-01-20,1796209319.8669298,1733774917.3245964,1146236399.2967508
2023-01-24,1810884424.0746229,1751299495.9933262,1143889359.0748477
2023-01-25,1798190424.9959579,1728608883.8633997,1138733523.0938013
2023-01-26,1802917553.0779166,1754192073.8374424,1144550242.6170402
2023-01-27,1814033034.6380239,1782058732.9140515,1150246150.2190409
2023-01-30,1816845061.116912,1770914198.194319,1145827885.670892
2023-01-31,1785908467.8098724,1759332762.0520768,1140302694.1058435
2023-02-01,1780668346.2166462,1767900646.9732316,1144123411.8198347
2023-02-02,1797286490.645262,1754749419.7623835,1148844113.2193315
2023-02-03,1788926464.0191631,1766207731.70744,1152372081.8303754
2023-02-06,1782617737.279678,1743329651.5833354,1146046307.7629964
2023-02-07,1820689580.2827578,1765937982.1528983,1156301644.2469916
2023-02-08,1854226687.803933,1781925014.4700348,1157105808.7739413
2023-02-09,1844910605.3146608,1780607634.7299218,1149976765.6857672
2023-02-10,1821701223.6022189,1766356541.7538722,1147136382.982257
2023-02-13,1788037699.80777,1761392207.5071526,1150439416.7291622
2023-02-14,1869835119.9392772,1768371233.3103776,1157394405.9847164
2023-02-15,1843288639.6018372,1757710844.6299517,1152839943.091398
2023-02-16,1830786859.0374274,1724130060.680511,1149693134.4636683
2023-02-17,1827020912.4393873,1718540606.5627956,1149701438.2480123
2023-02-20,1810220552.0996141,1713269979.91079,1149535199.7418337
2023-02-21,1816880983.0290928,1709422490.381561,1145981912.729506
2023-02-22,1768789377.5274317,1693171426.7710884,1135405252.3552625
2023-02-23,1771943461.6810322,1692852870.6991532,1140321418.3254426
2023-02-24,1785398236.987008,1690001561.6828732,1143176129.1274285
2023-02-27,1774508725.7152567,1699184451.9896467,1142876134.5655932
2023-02-28,1818716855.6825986,1696832164.7654386,1140952424.5259273
2023-03-01,1822915147.1399455,1690894263.260216,1141235404.4708226
2023-03-02,1830031919.178793,1725656257.876479,1143315990.9068677
2023-03-03,1817375829.9056888,1696397228.521172,1136016883.058945
2023-03-06,1828915738.6360085,1696146673.3706782,1134910607.3192487
2023-03-07,1763601290.1456962,1670776855.3744822,1128200986.7500908
2023-03-08,1770156957.1613462,1665010711.7982857,1129803617.1284602
2023-03-09,1795406506.570677,1689306913.2996545,1133709163.6981995
2023-03-10,1777738795.5645688,1670744895.2593544,1127958223.172508
2023-03-13,1798538537.342062,1696877224.17181,1131568415.5304863
2023-03-14,1740159884.305663,1650111676.4415534,1107369478.3497548
2023-03-15,1743869405.689105,1652447054.6299462,1105089194.0412045
2023-03-16,1724843648.0691528,1646180291.7075756,1094683900.9811165
2023-03-17,1786857495.3568025,1702811443.2982092,1113442149.8139465
2023-03-20,1769108021.1060395,1675164292.3373497,1102480421.793168
2023-03-21,1764205784.5613928,1674622781.5540488,1115671960.13923
2023-03-24,1779002579.2602324,1687858036.6425319,1127450064.1345227
2023-03-27,1769101906.9669237,1680830705.1642187,1118560048.8978925
2023-03-28,1799957572.3766217,1712200594.6614523,1127128984.4732258
2023-03-29,1821833461.942319,1745181729.2606864,1140318406.1683767
2023-03-30,1798837708.8265326,1714421853.3759046,1135235757.4630668
2023-03-31,1817583819.2845726,1742034452.966468,1134623149.8435795
2023-04-03,1829288873.9628386,1751405473.850725,1138274128.4364235
2023-04-04,1841113033.3512475,1758319898.3423133,1139275060.088463
2023-04-05,1831046319.5397682,1749629184.7693315,1137023676.2058153
2023-04-06,1811082221.706938,1726419178.8616402,1132537108.9609556
2023-04-10,1828046221.3250935,1736146797.2830229,1128947431.8348856
2023-04-11,1820748050.8060284,1746094496.0945854,1135629698.7614987
2023-04-12,1843564465.425017,1763353670.1378098,1133570604.4731672
2023-04-13,1848526612.8008153,1757324504.1169806,1131342178.1119409
2023-04-14,1848723221.4916368,1751560682.5328054,1136840178.8537457
2023-04-17,1838387671.3593683,1744237196.3216212,1131672945.5216389
2023-04-18,1866299833.932054,1773978681.7535264,1137379192.149244
2023-04-26,1903230010.754678,1827052860.0782757,1152107826.105079
2023-04-27,1907441899.2944884,1813870162.3648982,1157998302.7716079
2023-04-28,1967064180.4037237,1883342706.7534075,1153036303.1682358
2023-05-02,1914970238.0490434,1830698245.2626123,1144297465.6524544
2023-05-03,1852836002.6806374,1811468418.6095526,1135864484.1933393
2023-05-04,1826675377.2912521,1795210957.9031124,1141083819.7017217
2023-05-05,1828790092.1757085,1788203421.161562,1131681086.486682
2023-05-08,1839579645.8081036,1789685453.316099,1128680001.1332223
2023-05-09,1841790475.9793053,1797780034.1404285,1130405478.6740909
2023-05-10,1841574054.6132207,1798637935.7521744,1135728204.4385192
2023-05-11,1827081091.0875983,1782819182.694486,1126397030.3062077
2023-05-12,1825595239.3173063,1775791651.9767282,1118364991.3754616
2023-05-15,1832035300.08983,1778705867.8512456,1119028072.9782157
2023-05-16,1826104362.215884,1763588533.092468,1113163240.3515725
2023-05-17,1822231509.4371984,1760180762.5766473,1110920730.1208217
2023-05-19,1836320885.8846936,1763508549.3412554,1117164199.031616
2023-05-22,1862415110.1764321,1787656139.4994004,1122013609.088443
2023-05-23,1867170256.469326,1790537028.7386155,1123186884.9704435
2023-05-24,1869951312.3991015,1781671697.5302,1124707454.421179
2023-05-25,1835683298.2169359,1764621612.5557468,1117776073.9642494
2023-05-26,1836643437.9823666,1755924576.402794,1114903371.6295183
2023-05-29,1834929838.9923573,1761888391.0045605,1113919861.6426709
2023-05-30,1823557924.9356375,1740964035.607387,1106470634.3993547
2023-05-31,1808892344.3136473,1724412197.560227,1105943506.9128191
2023-06-05,1832899265.2383347,1765113119.3664846,1105972814.3869739
2023-06-06,1838732815.8884706,1755259303.5800166,1103552912.5279357
2023-06-07,1842881097.165624,1755248530.757963,1103691634.5722687
2023-06-08,1846902137.1287007,1754632099.0617635,1111456975.4882054
2023-06-09,1850400781.6070971,1765997944.919075,1116074286.6316562
2023-06-12,1853184081.513386,1764798561.5770464,1120800849.5259843
2023-06-13,1855200757.2612722,1750415409.1123805,1120240832.5406747
2023-06-14,1860723379.6766353,1754352757.5247562,1117023441.746022
2023-06-15,1866175400.6313882,1764897286.1403298,1119370644.7872262
2023-06-16,1855049174.0861714,1750197305.2408938,1116828384.2235913
2023-06-19,1858181396.9382422,1758314028.4210062,1114746332.4138384
2023-06-20,1844086876.6014864,1740014277.094536,1110477454.5742292
2023-06-21,1863020687.8823013,1762240911.82205,1117508317.6239846
2023-06-22,1835038033.3026366,1738881720.3100307,1109111319.2303598
2023-06-23,1834742038.0767515,1741537506.9329805,1107022510.4196212
2023-06-26,1848061260.3967345,1755831164.4752529,1111179857.038141
2023-06-27,1852632539.9882512,1761781243.8575544,1110714845.1148837
2023-07-03,1864554476.541296,1780240313.7280245,1116523098.034478
2023-07-04,1856486665.8945417,1760746753.8383172,1114028543.5259953
2023-07-05,1861741100.28795,1764502216.9688,1120234645.407242
2023-07-06,1862654194.2665932,1762337381.5250647,1126629292.038885
2023-07-07,1854078282.445855,1754295002.6305642,1119814815.8399734
2023-07-10,1852608800.0475936,1753124853.2867377,1122245545.1825187
2023-07-11,1873430749.8474028,1767254142.1525078,1133230474.9536698
2023-07-12,1873296744.2213297,1770583281.1217022,1135112014.7944129
2023-07-13,1883128865.150357,1769712738.0954912,1135446119.9997785
2023-07-14,1889138759.1333573,1774707560.1055837,1145342846.9736288
2023-07-17,1880205965.534,1764416736.7405539,1144938078.1916897
2023-07-18,1879099318.3687487,1753410070.6130219,1138779031.0883918
2023-07-20,1889184567.1391618,1760108202.9669287,1144445386.987286
2023-07-21,1888670068.7234106,1759569748.5743723,1147215187.5238733
2023-07-24,1900560975.3476806,1764649482.0079827,1150315348.4219065
2023-07-25,1895768468.4638677,1754453210.4623532,1153368942.9998934
2023-07-26,1918521373.3445692,1756961821.9197683,1158465431.3457763
2023-07-27,1917026467.9526467,1740585303.3645682,1149859698.6084485
2023-07-28,1929556999.8219075,1750780118.3983846,1150454396.1048412
2023-07-31,1937336028.3754134,1764231201.5869117,1155644424.1390686
2023-08-01,1912464903.3806827,1751443543.3643534,1148164586.8671906
2023-08-02,1908525959.8838608,1760153848.9253,1142831603.4868078
2023-08-03,1921270787.9865186,1770471260.9480588,1150095460.9560945
2023-08-04,1919117538.4028316,1763974360.4075046,1142553508.1209383
2023-08-07,1935725179.3518047,1773684340.668126,1148142931.900176
2023-08-08,1929491388.0648055,1769977487.734908,1145216336.3768604
2023-08-09,1937851455.3221073,1783013681.6305115,1146266520.8674102
2023-08-10,1947528266.0337436,1766981517.4269905,1149294959.863414
2023-08-11,1929622338.5038748,1763906441.5439944,1147078012.2628984
2023-08-14,1937574270.028292,1781831275.2391787,1152111977.997251
2023-08-15,1922507853.4902186,1768538775.8172662,1152933808.418344
2023-08-16,1919516506.831842,1769966100.966394,1150505765.5942628
2023-08-18,1901221444.733905,1741224405.2453587,1143732319.8591678
2023-08-21,1901776086.6631413,1756717643.0997157,1144752871.2369611
2023-08-22,1942844861.012862,1763897734.1651456,1153158743.2824826
2023-08-23,1945168735.2166576,1765470441.4205866,1153985702.5115528
2023-08-24,1917264078.715366,1754872884.1679795,1150314697.1447031
2023-08-25,1905183622.6886852,1741382470.4138014,1149656255.8920236
2023-08-28,1917383312.6532254,1749078899.0228343,1154038537.374682
2023-08-29,1917656384.058961,1747884742.8226902,1160058699.6143463
2023-08-30,1900502994.8740153,1749453228.5216026,1161529364.949368
2023-08-31,1895028375.250298,1749781318.942106,1159295891.189815
2023-09-01,1907683610.5605273,1753750344.4202244,1163363035.9156582
2023-09-04,1924879612.9632201,1760277470.5988803,1166546885.9343338
2023-09-05,1936737088.2199054,1764102267.6767578,1165706249.8839912
2023-09-06,1959448097.9777184,1755366421.056594,1166414025.3848317
2023-09-07,1928446354.4872537,1747874269.4338958,1159554041.1913292
2023-09-08,1928109167.9553344,1745903039.9281392,1154547510.5091717
2023-09-11,1909634080.2669039,1752055792.6284351,1160985385.6651933
2023-09-12,1899784891.4296217,1749291133.4616144,1156079640.1302686
2023-09-13,1903020392.5910716,1741361689.970407,1156330870.311496
2023-09-14,1923206372.5736792,1727150051.1778815,1160308464.4218662
2023-09-15,1930686398.4478853,1752493148.5029929,1164219546.8478346
2023-09-18,1918009870.912014,1736744220.2371266,1156432062.506981
2023-09-19,1945259603.9485536,1747283824.554906,1163807695.4263082
2023-09-20,1964407786.4004912,1754862578.094925,1169036311.6348393
2023-09-21,1950015558.1613371,1735900892.1043675,1165665870.697378
2023-09-22,1961881572.7910445,1741355636.823837,1169897137.2784884
2023-09-25,1971386985.3066082,1743908374.911131,1166818794.1667707
2023-09-26,1926855947.9463294,1734410615.2973418,1154384121.3407583
2023-09-27,1957364002.4203315,1736168172.7654328,1156723020.5976186
2023-09-29,1963699816.7294748,1743669757.2979655,1157067139.189987
2023-10-02,1954503920.2491298,1740426461.0326881,1160662922.0398393
2023-10-03,1922773557.8053923,1715246830.8000674,1157233052.0575638
2023-10-04,1907079407.4242024,1698086150.497321,1148177938.0498612
2023-10-05,1890048913.7154055,1690218824.478267,1146218896.2219083
2023-10-06,1893507742.2624745,1673249537.1756814,1148501704.2296221
2023-10-09,1906952699.280768,1688343841.9720788,1148991383.27696
2023-10-10,1939863711.2001579,1713695982.2368064,1154115388.0846882
2023-10-11,1937081309.8406136,1711369496.9804273,1155710121.7269657
2023-10-12,1929708336.3904707,1705709994.655824,1156276651.4843097
2023-10-13,1918961649.0358515,1695879852.425314,1154880964.437334
2023-10-16,1931677024.298319,1706861458.1987317,1149797827.2741215
2023-10-17,1926142773.9127054,1702054040.3547778,1157020979.918193
2023-10-18,1922433041.07893,1698328554.0840325,1155068695.091226
2023-10-19,1893874127.7932978,1672667823.0925689,1141483948.1335862
2023-10-20,1890601121.332718,1669961739.1491003,1141940981.9111013
2023-10-23,1850099838.8744264,1634565418.6862013,1124067167.5205455
2023-10-24,1856629888.3733215,1649824235.6723232,1134870798.000188
2023-10-25,1880763790.9004471,1680245235.6702812,1139476793.202229
2023-10-26,1854986345.2725646,1652880538.77526,1119491375.298814
2023-10-27,1841876551.2421033,1637844457.2783904,1126873032.5322733
2023-10-30,1803894331.2674062,1620964749.0275185,1123054838.5174456
2023-10-31,1826005056.4298108,1625683966.304878,1125775630.444474
2023-11-01,1785755311.6741872,1590088690.4225383,1107470182.087337
2023-11-02,1797500366.8366892,1599571352.302542,1125638129.5448973
2023-11-03,1815354436.6901398,1615913397.9225721,1131884366.3838062
2023-11-06,1821377022.3628387,1621696478.6866293,1146887432.2712414
2023-11-07,1811900523.3309567,1613152434.404725,1141044336.021263
2023-11-08,1793986833.726541,1597499393.223838,1134427929.5018477
2023-11-09,1796682445.3256512,1599884715.8566613,1140117812.7897167
2023-11-10,1798325901.0832667,1600999178.3972244,1135287778.2296917
2023-11-13,1807194409.569213,1608915146.6193683,1140131001.1530862
2023-11-14,1802741450.9449036,1604881368.0114245,1144089626.8149061
2023-11-15,1825505732.0604243,1625321747.2249336,1160120408.1293724
2023-11-16,1826974334.534301,1626595079.2995195,1160087518.6305985
2023-11-17,1818857010.6001277,1619860829.769864,1163365396.7955208
2023-11-20,1821180390.2151644,1621833112.4164202,1166236470.9372432
2023-11-21,1846881222.6008081,1633665671.417537,1160718117.782831
2023-11-22,1824442257.8316846,1622964931.76022,1151575325.581615
2023-11-23,1869717615.6874232,1627860661.0813003,1167813050.227475
2023-11-24,1867867342.8526196,1627483710.1812477,1168694472.512683
2023-11-27,1879333400.3127794,1631780121.19825,1169323850.5201588
2023-11-28,1861706938.7064757,1630852547.5941887,1173936765.5424862
2023-11-29,1866211857.2120776,1623904751.1720161,1173105410.192293
2023-11-30,1895371949.8714755,1632028448.2524023,1180550485.543437
2023-12-01,1939245017.938496,1632031119.871047,1177076654.3499293
2023-12-04,1909716786.3495884,1644736152.83732,1182694408.687517
2023-12-05,1907949851.1297848,1650060731.8888838,1183903993.2736092
2023-12-06,1864700396.2063437,1614467347.6106555,1181659854.8498497
2023-12-07,1877084168.522585,1624842087.0630524,1189534040.4684117
2023-12-08,1902903273.7624223,1649143199.0258043,1193698062.6782668
2023-12-11,1830525697.7506778,1585344395.688826,1181891628.1246245
2023-12-12,1919308915.8148043,1618719214.3773592,1187980825.7478535
2023-12-13,1895146656.5276432,1596223205.718824,1179650094.8096788
2023-12-14,1925877788.9420335,1640009319.305269,1196435380.7643325
2023-12-15,1936094278.6659076,1621442472.5820673,1198931563.4658237
2023-12-18,1919922292.1314514,1586520414.0361493,1187016772.6674588
2023-12-19,1946980501.2101445,1602770511.4352143,1198407773.7749557
2023-12-20,1939669049.7171688,1602376969.4721024,1203713159.2838426
2023-12-21,1940439988.2035227,1608006438.7557757,1202037911.4972897
2023-12-22,1946309793.4641676,1607381135.5285804,1206689577.5132217
2023-12-27,1949672773.289547,1605329928.3223808,1208089579.27167
2023-12-28,1966590401.7524714,1623224835.629021,1217755102.8382986
2023-12-29,1959749481.157493,1625237931.5653782,1212571343.3471546
2024-01-02,1989497560.0492768,1631644885.2541783,1221039575.1849058
2024-01-03,1968971244.710059,1617498530.9671543,1213620713.7412
2024-01-04,2028611684.2245922,1659211907.4323862,1227070971.9563293
2024-01-05,2008647176.8030086,1643553361.7643163,1225546413.4327226
2024-01-08,2007921071.745888,1643319694.1064427,1214368379.970751
2024-01-09,2027981543.6612852,1644252711.45773,1200468007.7983932
2024-01-10,2048759295.2293677,1652401108.7367878,1204985266.481465
2024-01-11,2039173246.5093803,1647123607.2492955,1203762656.351304
2024-01-12,2055810294.8006167,1651806272.1863835,1207292985.8422105
2024-01-15,2054987600.7453527,1651445641.3409834,1204435751.341061
2024-01-16,2052269889.6376078,1655172423.3441613,1207567906.2317133
2024-01-17,2046753076.7494001,1646925389.958855,1200539973.9293735
2024-01-18,2043201959.3271573,1639548531.682067,1209265134.6238825
2024-01-19,2043669367.177648,1630508210.735816,1205002769.5563076
2024-01-22,2037493135.9769797,1634315087.61019,1208425068.4410932
2024-01-23,2017808721.2630274,1623426962.3635948,1209809032.498407
2024-01-24,2016468098.5525484,1615817793.5057971,1205073026.0846288
2024-01-25,2007423390.3400497,1608119414.4142697,1196773149.4039674
2024-01-26,2015996418.8214335,1609262314.1095102,1189944996.3837833
2024-01-29,2042861315.2635245,1639570902.6672053,1193294026.5831816
2024-01-30,2050740484.7897463,1646881435.365541,1199136308.7366557
2024-01-31,2075254029.5210857,1650998101.0257664,1201758106.528761
2024-02-01,2071451124.5403953,1653421609.4883027,1200716877.0997584
2024-02-02,2078070082.277645,1655546360.0012636,1206900672.7367873
2024-02-05,2082926437.6271744,1659338650.6323638,1200203263.615194
2024-02-06,2092860764.4782162,1667533733.0192423,1208338367.163385
2024-02-07,2093675712.4587207,1668284772.3784885,1206294903.527936
2024-02-12,2129304732.4307888,1696685718.8447046,1216718188.120769
2024-02-13,2109227511.4543023,1680531008.9089823,1202058263.909897
2024-02-15,2149252865.609867,1712518945.4041324,1217653829.2331634
2024-02-16,2157354292.750596,1719020877.5763016,1223033134.7046409
2024-02-19,2134387932.31997,1700610126.4820852,1216556997.012917
2024-02-20,2149633801.5392,1712664031.1286976,1225876855.2038188
2024-02-21,2146208161.790791,1710266770.2504685,1225279959.6468644
2024-02-22,2132360170.3085437,1698658723.4110065,1223715266.1655958
2024-02-23,2121515476.5654788,1689969153.2111561,1216289077.8533514
2024-02-26,2111902486.0502076,1682321376.268625,1214409736.0731697
2024-02-27,2113609496.6294367,1683782902.0491037,1214658768.1938357
2024-02-28,2118349964.771664,1687584143.5102458,1221881269.5607038
2024-02-29,2115249005.5813377,1684887744.7918613,1219792949.2078679
2024-03-01,2116240723.0953236,1685423700.4231522,1219092093.5273142
2024-03-04,2118872787.3286774,1705865054.7812252,1213230273.0577366
2024-03-05,2139139691.5189924,1712329204.4492555,1208346996.5863307
2024-03-06,2147856635.555504,1715170246.2476144,1222075431.5769799
2024-03-07,2133998880.2295775,1695968831.217905,1229438608.8197913
2024-03-08,2145314121.7051501,1708705110.4173136,1230762981.01299
2024-03-13,2138202862.6561427,1709328779.60541,1237315318.1375165
2024-03-14,2169266261.085305,1756354887.435404,1239334033.2392347
2024-03-15,2156840372.8333006,1739355494.1228878,1221784229.257391
2024-03-18,2144486291.2096982,1743477684.4385765,1217515188.5984807
2024-03-19,2161292056.1772547,1742856360.2116678,1223233402.4446993
2024-03-20,2171380120.7619386,1758857075.595039,1222296703.006849
2024-03-21,2178872288.76363,1746349475.0344553,1223501321.6042652
2024-03-22,2177952559.5409636,1750618973.5610604,1225468504.397261
2024-03-25,2196600545.4039803,1767482744.0733523,1230071487.4422357
2024-03-26,2202518221.6395125,1770938035.9204926,1228054807.5817785
2024-03-27,2204178084.856884,1776201392.8418097,1218789412.4470146
2024-03-28,2199017194.895237,1788197237.6617007,1215241661.2909162
2024-04-01,2134600556.6849208,1737877938.1705093,1201277952.4105234
2024-04-02,2131161863.3094437,1742097249.2664542,1206600352.5363503
2024-04-03,2103028222.938881,1741759817.3497589,1194906181.8906512
2024-04-04,2115042392.8313696,1751533635.2170548,1209503909.1285944
2024-04-05,2103148519.155066,1741840620.0837092,1214919686.1234646
2024-04-16,2097708965.3485825,1715653092.7405396,1194566540.8290563
2024-04-17,2092106672.1097898,1712075280.9653563,1188903441.316179
2024-04-18,2107198259.040733,1702355604.427649,1194901134.4923246
2024-04-19,2088940335.856974,1689177736.9153404,1181646829.305781
2024-04-22,2090639724.5716434,1678171044.3600445,1179396503.7485888
2024-04-23,2077802370.8796043,1688852853.883298,1185564261.6844828
2024-04-24,2069895728.0607674,1696595858.2518086,1196188139.6559758
2024-04-25,2035387616.9415946,1695868818.6598425,1192980436.6097245
2024-04-26,2005083797.456621,1659582601.5628934,1173103456.3606825
2024-04-29,2060481624.5787513,1673420253.4749055,1193062171.8987563
2024-04-30,2070324286.897553,1716944992.6026726,1206135666.2516944
2024-05-02,1977780782.2687132,1639325987.0416667,1186666629.7609584
2024-05-03,1966959238.897069,1632193426.406158,1189550892.2660506
2024-05-06,1991565502.8101654,1626986710.9773185,1189745298.511278
2024-05-07,1966416802.7319386,1613295416.3984783,1187698171.4415598
2024-05-08,1976711689.4046323,1618673454.6411405,1181893256.3176332
2024-05-13,1994167755.7130527,1620315189.408496,1183638272.174605
2024-05-14,1980613458.8385,1619856902.608523,1181054329.8699498
2024-05-15,1987500076.3166451,1628725422.5320153,1197071434.3631437
2024-05-16,2025378513.8862715,1652355695.182588,1208219590.4834073
2024-05-17,2043672845.7860568,1675050914.9856894,1219980842.6810608
2024-05-20,2011579884.5989318,1667769397.38767,1211553315.6685247
2024-05-21,2009352722.4147213,1627980390.2066207,1198106151.0201118
2024-05-22,2021527461.168044,1637642693.2370088,1204165796.9402347
2024-05-27,1982881322.1598876,1607445339.2333584,1196502706.5452383
2024-05-28,2017793269.7596974,1624086735.9550025,1209375037.6519632
2024-05-29,1998249954.1736763,1596360366.357691,1190468704.665001
2024-05-30,1996433326.7388518,1589865039.8269563,1172781155.5546293
2024-05-31,1969148807.7967231,1567432349.457961,1162209623.988363
2024-06-03,2031622968.9139032,1621732230.9359422,1173122750.4478345
2024-06-04,2050536410.5281367,1628177120.2069821,1183646738.7782495
2024-06-05,2014630906.1243615,1600452678.9654684,1158363913.51169
2024-06-06,2039885056.719642,1622476837.7907715,1162903397.0293293
2024-06-07,2029532304.1092546,1625472158.7801785,1150074294.4469826
2024-06-10,2004362773.5562143,1604484379.0501702,1154008660.0329742
2024-06-11,1971111237.096074,1575522625.7093112,1143028533.4311986
2024-06-12,1968306103.1526828,1554654652.4321368,1142095904.4758701
2024-06-13,1981316614.9994926,1576171617.812728,1139005919.7841406
2024-06-14,1946548105.900971,1534121917.9342558,1122878098.1663616
2024-06-19,1927381461.5122037,1529885973.10662,1121558773.3714895
2024-06-20,1964824664.4449382,1559845347.475141,1136964654.2092533
2024-06-21,1987311191.1771631,1589428246.908112,1147077849.4435976
2024-06-24,2000430942.5660872,1591054862.3167775,1148609572.016442
2024-06-25,1990791979.5337863,1584368079.15283,1147532359.5219495
2024-06-26,1985777315.1570086,1579549491.1428206,1151356740.67021
2024-06-27,2002079049.4935842,1596458356.0868702,1161745344.7519596
2024-06-28,2033067546.8826985,1615761689.0445588,1177688773.5115142
2024-07-01,2041253610.6142917,1634149400.6129792,1190368163.7467196
2024-07-02,2052662759.835007,1632952786.7365627,1187953309.2860081
2024-07-03,2075686319.5555425,1650413110.7972152,1199893092.847055
2024-07-04,2106424911.408389,1662781165.695035,1203916927.6388695
2024-07-05,2112673111.8952804,1676230105.712361,1209332704.6337397
2024-07-08,2116446228.820024,1672217938.3864982,1208933390.2983794
2024-07-09,2127307441.4244282,1680081860.2271852,1212071813.7321148
2024-07-10,2119566094.9785109,1675362172.1846833,1214946388.4888058
2024-07-11,2121178347.7294593,1678558641.9513206,1217174733.4403815
2024-07-12,2139781322.937923,1690121262.0466673,1221705180.4868233
2024-07-15,2129047624.888096,1683470944.7017643,1213582695.4344492
2024-07-16,2128606032.5731168,1675917565.8171177,1204484434.3120184
2024-07-17,2145965514.3398967,1689643912.0555022,1204471897.2258523
2024-07-18,2187166763.1395106,1724454356.3746881,1220619908.436938
2024-07-19,2199392306.580966,1729857201.0321035,1216189025.3929725
2024-07-22,2224664849.8742294,1754435654.2842567,1220770841.9288356
2024-07-23,2189062166.436175,1731446953.8706179,1219417162.261482
2024-07-24,2190053582.0458302,1728471580.610794,1210897723.7536101
2024-07-25,2178056159.781708,1725431089.0236983,1207149379.2188516
2024-07-26,2191016574.9750533,1738733816.9571815,1215133956.323397
2024-07-29,2190313660.3841143,1733452126.5773034,1215255663.75079
2024-07-30,2179626525.2684064,1724013691.3750713,1207413960.5827498
2024-07-31,2220172789.4714785,1751418145.1702158,1209731204.8725955
2024-08-01,2228252013.9307227,1773538395.3349159,1221439215.1588676
2024-08-02,2242729220.2313085,1782893342.6805499,1218461168.73648
2024-08-05,2159130427.002781,1713581471.7593803,1177034484.1510065
2024-08-06,2173842062.181482,1724793279.152163,1188632347.1802466
2024-08-07,2188916023.3638597,1743006414.1926575,1202456682.7391026
2024-08-08,2193581777.1471453,1750390493.7934256,1199620696.1567156
2024-08-09,2213057867.2046413,1761409944.1292288,1209936927.0592327
2024-08-12,2225215630.0766,1780027716.510729,1216710861.2522302
2024-08-13,2242480692.1071196,1787873200.440774,1226549950.1935759
2024-08-14,2278770310.206232,1816901288.6964827,1239788217.6789849
2024-08-15,2265510177.687284,1806424253.894424,1235363603.1781025
2024-08-16,2290540805.350472,1826309940.7345145,1239129776.4263053
2024-08-19,2301826664.185475,1835746952.5721881,1244922073.0544152
2024-08-20,2327284934.6526837,1857136752.7064965,1256118423.6877334
2024-08-21,2323091899.7614946,1852657187.4484205,1259554317.9841409
2024-08-22,2285785784.8134704,1839805990.6972601,1248564177.9953623
2024-08-23,2321849838.9343634,1874497753.984734,1257837876.91447
2024-08-26,2331571584.9128656,1885221210.9322042,1268157771.2512565
2024-08-27,2321847887.603827,1880372486.0352087,1266771609.1333814
2024-08-28,2320539229.574001,1886112181.7613895,1276940977.0265224
2024-08-29,2310459364.9009314,1872691176.2717075,1271727258.78402
2024-08-30,2313327656.9205565,1869202162.8142605,1278918010.3872201
2024-09-02,2343403463.32026,1904020215.7042525,1282885591.1105871
2024-09-03,2322306279.00073,1889662363.2297099,1269879422.538555
2024-09-04,2314014340.1802044,1880398278.8199816,1279278655.138626
2024-09-05,2333417126.749136,1886169334.7073033,1280636975.1560543
2024-09-06,2338400428.5771494,1890263967.3590908,1287439972.5942552
2024-09-09,2343648378.926566,1892327788.6055846,1284254250.15362
2024-09-10,2341933576.3958416,1881635393.2341313,1294032688.9053953
2024-09-11,2334331755.232693,1876740404.4965875,1293960478.5454636
2024-09-12,2333429377.042042,1879261300.1063013,1300162509.9441888
2024-09-13,2324429510.866393,1884765104.924599,1302492861.1877537
2024-09-17,2344836978.184116,1908410512.0106287,1305768704.1114154
2024-09-18,2350640681.224494,1921450966.3946304,1305327870.8543358
2024-09-19,2367423444.6402974,1930691733.9230468,1318041697.371673
2024-09-20,2377191027.8351107,1943955642.8031359,1290967534.157047
2024-09-23,2399281888.686024,1981342623.868266,1296424015.9771323
2024-09-24,2415889511.8921585,1984418869.8530169,1296884224.7310145
2024-09-25,2386965572.3089504,1953249437.3462672,1290617065.611945
2024-09-26,2398800784.8050723,1955834634.8073874,1291219659.8444295
2024-09-27,2377049860.041482,1937351743.956635,1283283440.0722396
2024-09-30,2329768724.602927,1904338187.1947086,1255108781.2030978
2024-10-01,2351803728.8725314,1924576091.9169095,1274149602.932571
2024-10-02,2319142150.5431595,1908647752.4008746,1260999746.3275292
2024-10-03,2314394416.2318544,1912201076.171599,1257759560.8307562
2024-10-04,2310748057.9063697,1897862056.5760357,1249800464.9467955
2024-10-07,2308709730.344347,1894330931.23006,1251141607.527983
2024-10-08,2320235355.0670485,1914833226.108636,1259979357.769037
2024-10-09,2308637560.3739476,1891322769.3159137,1250666500.808072
2024-10-10,2295540821.0887847,1885937615.2597752,1247131042.5091887
2024-10-11,2317946181.113227,1891862562.768792,1253887147.988742
2024-10-14,2322377778.0606213,1900978754.5847669,1260398291.8301508
2024-10-15,2347484374.3365707,1912490031.5059366,1271618414.0813947
2024-10-16,2347436698.6100426,1916519902.908092,1275284534.8692186
2024-10-17,2382865356.2244925,1919013645.7216506,1289639579.9392292
2024-10-18,2380869508.0093455,1938319828.2703319,1293811254.656225
2024-10-21,2367852460.414872,1937713660.0371428,1295901366.0213704
2024-10-22,2393852598.2601233,1960747722.1245158,1298633473.8898084
2024-10-23,2400247354.328659,1957146432.8130841,1298397060.264959
2024-10-24,2381620606.6915374,1948380695.4573822,1286556759.296738
2024-10-25,2387154628.8566327,1941025838.3819003,1282907327.487252
2024-10-28,2362231028.183776,1943050884.407102,1272898825.0633612
2024-10-29,2344484191.2390547,1924921292.8634632,1268225341.2611136
2024-10-30,2346053641.5367403,1921202384.9450703,1262098125.3311338
2024-10-31,2343613982.418443,1946082209.055159,1262793200.926507
2024-11-01,2301043816.10114,1913096001.2528338,1251328686.9046717
2024-11-04,2325858215.8261485,1969407093.8056498,1247034816.30238
2024-11-05,2358963545.7166643,2010262997.4345105,1249106936.1347806
2024-11-06,2299051255.758293,1982415120.0982919,1231089922.169118
2024-11-07,2293882995.8928804,1971986220.9314976,1207746763.2337086
2024-11-08,2294065373.9641123,1953102260.819518,1214971218.4321868
2024-11-11,2250638391.8665714,1925253870.2258492,1211514808.903871
2024-11-12,2262907643.2800794,1942185148.4180918,1220772470.1218443
2024-11-13,2246525193.686896,1946162518.3421776,1218552510.3642626
2024-11-14,2210580905.8296227,1910847384.3053923,1202861858.5692937
2024-11-15,2200964452.7254486,1936326525.0074508,1193974774.080079
2024-11-18,2194672298.9404354,1911310771.6905227,1189476321.0262566
2024-11-19,2207036429.462482,1924022087.929203,1199719690.2916386
2024-11-20,2207201857.713268,1922082590.5295994,1197155449.1223876
2024-11-21,2179932724.8737063,1907317234.043657,1190582596.7659528
2024-11-22,2196821408.5801864,1919697378.7451,1199694697.5289567
2024-11-25,2249102668.7485337,1955381195.1846008,1219459006.821803
2024-11-26,2245624503.8097286,1944602875.0739079,1208084938.9215956
2024-11-28,2245433585.987696,2015161242.0197203,1200460355.2912529
2024-11-29,2223496905.012711,1883386423.5864801,1186139990.7323253
2024-12-02,2192974032.1383557,1917859926.7101166,1174922554.9995458
2024-12-03,2301006075.167136,1959842736.6719575,1199770082.8652549
2024-12-04,2317229229.82465,1968676372.4287522,1221569144.9609544
2024-12-05,2316096958.9453754,1963475050.819537,1219326471.9109027
2024-12-06,2308808104.93911,1974314484.9103773,1230909355.5644636
2024-12-09,2418980947.010857,2072046859.5293236,1240070302.1177256
2024-12-10,2458857259.6393213,2054489110.9849184,1242663932.1707819
2024-12-11,2425309263.500266,2033174555.1122067,1244575430.7628834
2024-12-12,2403431796.7444572,2019705090.3960085,1232818818.9153044
2024-12-13,2407773846.2505016,2035444883.998501,1221239842.9249642
2024-12-16,2399440916.7945833,2026236725.839905,1210209486.5688732
2024-12-17,2318789308.0220017,1960543282.9718165,1193386914.9943225
2024-12-18,2324305755.8006682,1963622163.6138039,1185074419.8178444
2024-12-19,2280073320.9295216,1938586537.035217,1163293674.8934917
2024-12-20,2253582638.007703,1935622613.83701,1164398648.0787811
2024-12-23,2272009858.1111517,1943727912.7323394,1183168701.3109233
2024-12-24,2246283575.9331636,1930997566.3869324,1178050395.1787252
2024-12-27,2268089455.948814,1949060761.6852365,1173186087.1558692
2024-12-30,2286648348.278471,1966046214.286085,1180411030.8122501
2025-01-02,2292071338.7514863,1958486069.2742398,1194299435.7659948
2025-01-03,2274581616.7472415,1960458163.5572536,1194503529.7596233
2025-01-06,2232454356.1007643,1949075582.0566335,1180505954.4646518
2025-01-07,2274593636.4491425,1935863385.5768082,1180974467.0028777
2025-01-08,2250710253.3559422,1934235145.1471143,1180485602.0520442
2025-01-09,2244532821.9902706,1920895168.9445775,1177857291.4879045
2025-01-10,2246679184.960885,1946100449.9392254,1181905142.126596
2025-01-13,2229181641.055894,1941900699.4904099,1169902917.363669
2025-01-14,2192970285.0545053,1924144190.5944118,1159863642.0919154
2025-01-15,2260950230.222401,1969896926.4235063,1180353881.2376482
2025-01-16,2255352336.54005,1966852160.1821003,1185015072.1826806
2025-01-17,2248532243.439039,1956120917.7341127,1192874441.2448642
2025-01-20,2232402378.709869,1941607496.4813912,1195555179.6238809
2025-01-21,2238278510.813019,1942797866.9055753,1197403015.869346
2025-01-22,2240750603.178541,1949763487.505441,1209958907.6648488
2025-01-23,2252500615.949473,1958673876.4577782,1205876620.7440257
2025-01-24,2230278445.6405635,1944202493.7237573,1194774786.7148569
2025-01-30,2180744830.9594464,1911982144.373743,1179339516.9932876
2025-01-31,2189300108.526808,1929234389.1620848,1185294632.9222581
2025-02-03,2179440044.2424884,1912421091.8632598,1172100245.238431
2025-02-04,2186656587.237222,1915164505.8627028,1179336342.0169208
2025-02-05,2166787612.384067,1895739343.466501,1171128214.012294
2025-02-06,2103581160.8066225,1856954916.7830706,1146337265.8536339
2025-02-07,2149568997.0395203,1903733762.5810466,1124169255.222185
2025-02-10,2152944919.246503,1909781627.7920852,1108424547.4193304
2025-02-11,2158677484.506064,1909911983.6687727,1089058901.1846406
2025-02-12,2171922392.0170326,1916538551.2571845,1108030361.8919473
2025-02-13,2165410394.7900667,1911779763.9863963,1102660092.8916676
2025-02-14,2153146175.8086724,1909649983.6320913,1106810112.6416488
2025-02-17,2200553728.371062,1945616124.7996979,1138892190.5024896
2025-02-18,2221723764.1304226,1966249378.4430506,1146006824.0825377
2025-02-19,2207133859.6631246,1951713270.364284,1132887740.3253586
2025-02-20,2215738364.854765,1929128255.401431,1131749633.4123442
2025-02-21,2187885341.027222,1919319104.903709,1134243699.4629242
2025-02-24,2215053449.70542,1950943128.8423028,1125340495.8629243
2025-02-25,2176548416.673215,1900032148.2127242,1098245003.3198855
2025-02-26,2149117210.3689585,1848624877.6010327,1101428039.2420566
2025-02-27,2062117549.301477,1769588325.6550126,1081299096.1249332
2025-02-28,1968598597.258422,1700047155.1257422,1045477628.790881
2025-03-03,2043327034.4513936,1768421431.6474476,1087002819.053375
2025-03-04,2017787020.2624817,1747208547.2005572,1063784868.1603276
2025-03-05,2085689172.8688996,1821692639.1766737,1088960314.0979698
2025-03-06,2100893267.2294436,1838251560.6184065,1103373567.068038
2025-03-07,2080075168.0076506,1821416843.3758056,1106400133.6420822
2025-03-10,2040439881.0950289,1780880262.1827912,1100099840.7952876
2025-03-11,2037444848.5702858,1779463424.056253,1091369714.1121025
2025-03-12,2074487157.1729646,1811587676.2009907,1111242705.288273
2025-03-13,2045254473.85484,1786167507.3352184,1108303654.0884416
2025-03-14,2028442944.9400043,1770692901.7820952,1086331352.2566266
2025-03-17,2050641900.6642299,1789219349.600437,1079048037.8808873
2025-03-18,2007054874.0094817,1751392848.5163562,1037606618.1486859
2025-03-19,2025371135.954936,1767135416.767466,1052323936.1631111
2025-03-20,1999687952.96074,1744727615.9774706,1063997103.1189991
2025-03-21,1968826783.9977744,1717570371.051371,1043407218.5611398
2025-03-24,1932641854.929585,1685990776.3350441,1027241134.4076585
2025-03-25,1970706377.686012,1718518906.3451202,1039645848.4823124
2025-03-26,2060138686.8496783,1795099980.6880004,1079116259.1679478
2025-03-27,2080436790.6936383,1813381360.9743388,1085495926.4239118
2025-04-08,1926267225.831742,1676283653.2048218,999718566.8384627
2025-04-09,1926650665.9238997,1683054993.2460701,995024486.3946564
2025-04-10,2035872615.6296983,1758138293.093291,1042714422.4359787
2025-04-11,2058680770.82432,1771613402.2358158,1044081941.7439054
2025-04-14,2147340545.6464782,1831481571.2049394,1061803520.0881569
2025-04-15,2170018660.2415323,1856271215.1157956,1074002267.7472224
2025-04-16,2160661350.108558,1830287358.37874,1067061606.5901438
2025-04-17,2149582399.76908,1817603403.427108,1073433051.4714143
2025-04-21,2183432162.4157767,1817090705.0857043,1074716474.6104467
2025-04-22,2144449704.8468628,1808061555.8740702,1090105259.4216204
2025-04-23,2201219055.9438863,1856509146.710167,1106129527.9640522
2025-04-24,2203441624.7228885,1859464387.7181182,1102645113.5159883
2025-04-25,2217757239.8504086,1870521367.637529,1113555227.818394
2025-04-28,2224496518.990267,1875744529.0119612,1120899680.8416064
2025-04-29,2219082434.979253,1871738375.1750567,1125252817.669411
2025-04-30,2244064827.5441613,1892509332.0253232,1128207173.8835237
2025-05-02,2218013160.8171844,1870642507.4579911,1136365967.6399896
2025-05-05,2208560375.84283,1868387719.9485269,1139070640.4562328
2025-05-06,2197933100.3435545,1858702076.9851599,1150115406.3204498
2025-05-07,2223690808.06142,1883865839.4964895,1154788483.0744452
2025-05-08,2193077777.1756854,1864781034.5849094,1138370029.0046303
2025-05-09,2209547291.1779203,1869785022.481278,1139212537.4769325
2025-05-14,2278558616.332266,1916378294.5055108,1163734182.5119696
2025-05-15,2328085545.0565734,1935065029.475096,1173784692.3154826
2025-05-16,2358312081.9107766,1967253491.3181005,1184849484.9537055
2025-05-19,2357968824.087905,1972297574.442649,1190612392.6980102
2025-05-20,2323983173.1159053,1938549041.7904568,1182861461.2901998
2025-05-21,2360197923.915242,1964981974.716225,1190840828.1771173
2025-05-22,2366345713.2217536,1967201108.249966,1194928976.5927718
2025-05-23,2376342008.824653,1972209653.7956083,1202795509.704193
2025-05-26,2383396748.576895,1976581218.627739,1198492276.9921024
2025-05-27,2384882085.333221,1983328022.206962,1200261878.563504
2025-05-28,2414900898.2754407,2001019438.6699662,1196402491.2655587
2025-06-02,2356015299.0329857,1964882699.9356856,1177937479.9935784
2025-06-03,2339726811.045912,1959708557.3036256,1174561747.428839
2025-06-04,2319288451.07267,1951791242.1476939,1178599096.2226248
2025-06-05,2335698816.7498364,1957631525.9444966,1185999721.9046342
2025-06-10,2354765616.0712013,1974625381.6705995,1205560181.4328034
2025-06-11,2365916256.7073026,1997958774.3863802,1204178171.2071
2025-06-12,2354260107.5327897,1985164796.9529858,1201162757.7551646
2025-06-13,2369704839.013395,1991842609.3606963,1194776252.0885646
2025-06-16,2366947777.3245554,2002014341.1331017,1186694309.0421047
2025-06-17,2363639146.506253,1999807177.811281,1193073487.840166
2025-06-18,2350664581.623704,1994041104.7585714,1185060091.7193685
2025-06-19,2310167536.8275623,1951624949.0331783,1161860050.9494157
2025-06-20,2275192737.70018,1914521258.2292864,1151606179.839128
2025-06-23,2242694288.0703053,1884673153.3795505,1131599269.7879996
2025-06-24,2239677120.3068757,1890172300.222585,1145276009.6506257
2025-06-25,2225913003.273063,1874303414.3272023,1139102471.629551
2025-06-26,2225995999.7270517,1892347913.571186,1149982545.7709477
2025-06-30,2272002031.6379695,1937126412.7672806,1155030921.0134263
2025-07-01,2258496155.0770073,1930795110.2474418,1152976955.533072
2025-07-02,2260777470.886878,1940827500.9536495,1147289107.486464
2025-07-03,2268144218.0970426,1947168613.0596247,1146756525.5533495
2025-07-04,2264152613.5772467,1943692400.5239506,1144612602.4092698
2025-07-07,2273703332.029844,1951999933.9979753,1150571463.18216
2025-07-08,2259734643.7246103,1939952346.9853268,1151148331.9651084
2025-07-09,2282479804.6566615,1959854869.637549,1157739013.0349877
2025-07-10,2293816076.198807,1969177556.7766721,1167984254.7223296
2025-07-11,2313423651.0287457,1985955339.470583,1174997940.335844
2025-07-14,2310581370.533293,1984147868.2170978,1183286419.6654453
2025-07-15,2288296934.4563265,1972849492.2240481,1190509572.309517
2025-07-16,2297731964.635515,1976803264.959485,1199103337.8282316
2025-07-17,2317419059.747553,1996061356.3931694,1214942887.8738372
2025-07-18,2312153931.207013,2004615293.3430593,1219093396.081721
2025-07-21,2344517093.257301,2020858496.269646,1233478074.2644882
2025-07-22,2364024917.79574,2013869706.3444262,1224565508.554689
2025-07-23,2429728137.8169527,2061118458.6052737,1245322038.6669788
2025-07-24,2431137060.941071,2076060731.9645228,1255604403.154917
2025-07-25,2402992392.9681478,2059845097.3878908,1257705342.0035696
2025-07-28,2427184556.7328043,2079918716.1034422,1269587161.8935103
2025-07-29,2424324100.815939,2083262709.4086802,1270110544.5361261
2025-07-30,2432916305.80502,2093049983.0610995,1258769936.0022457
2025-07-31,2419556323.126502,2094478450.9043133,1247840771.8416393
2025-08-01,2425229762.9756346,2092542962.5581853,1256749185.6592667
2025-08-04,2448723871.2221355,2109638227.7195897,1244557602.0494392
2025-08-05,2433754786.1270685,2101973704.698683,1252983989.3268692
2025-08-06,2400603741.1853065,2091513044.5546327,1251077456.723444
2025-08-07,2403570654.5878353,2091625005.2833207,1248815489.5862403
2025-08-08,2375370232.8509264,2084034541.2595246,1256018371.2273548
2025-08-11,2384959331.919488,2084157063.5273783,1268112751.7145686
2025-08-12,2471019816.9012504,2118789703.3762763,1299085948.7268996
2025-08-13,2510838271.5777545,2155041546.4566817,1315961110.9356282
2025-08-14,2516892862.0483594,2161377285.4873543,1322353396.6874087
2025-08-15,2486305046.6265774,2130240097.9686415,1316872084.9239423
2025-08-19,2509086489.261928,2153738700.911788,1310965651.965929
2025-08-20,2545379856.599212,2171087161.775778,1324449858.0052876
2025-08-21,2589372626.131068,2214800462.1578426,1315594930.327993
2025-08-22,2582400765.3911133,2214603415.939543,1310282380.7698684
2025-08-25,2600124289.9872413,2211349006.056635,1321629176.4371815
2025-08-26,2572977499.933014,2183924743.2070103,1318102836.0191462
2025-08-27,2534307657.420751,2147607146.265347,1323174494.421648
2025-08-28,2534158660.2379193,2162540099.4740725,1325827472.1098678
2025-08-29,2500273082.8156433,2135785161.7853174,1305554352.5018325
2025-09-01,2473340796.36076,2115973294.480949,1289810784.4340842
2025-09-02,2493906527.0186453,2142550845.609721,1300734575.557762
2025-09-03,2513341897.598905,2169342799.0129323,1314785962.6316679
2025-09-04,2516317509.4156685,2168877496.5435295,1311699071.506655
2025-09-08,2479926726.435292,2143957638.2817717,1294943174.4358068
2025-09-09,2466396170.3702307,2149588574.842141,1271894148.567402
2025-09-10,2472443020.2944837,2142695058.6364083,1283632036.1953819
2025-09-11,2517717947.595483,2183846123.720609,1291784642.8184152
2025-09-12,2547243310.0435376,2216588678.4251323,1309483589.279847
2025-09-15,2552395357.904852,2214100902.2820096,1323331615.0469782
2025-09-16,2552585678.8164797,2218328966.8708014,1326762461.9450588
2025-09-17,2582690828.673066,2244519020.177723,1338013764.0924175
2025-09-18,2534239278.9078193,2202312377.8003073,1335221738.721263
2025-09-19,2537653662.800418,2205807993.1176867,1342338488.952222
2025-09-22,2521281446.589226,2191615575.080286,1340491303.9839604
2025-09-23,2534576682.4910436,2210333646.308415,1354690123.9347954
2025-09-24,2521656442.958944,2194558190.0108385,1354916361.353341
2025-09-25,2491357859.640551,2178395051.7427936,1340595671.1558118
2025-09-26,2487514183.3335443,2177194129.9254007,1350377203.4743035
2025-09-29,2473273219.8890347,2170454940.971203,1354363996.875172
2025-09-30,2457035597.135064,2156985589.5657067,1343996396.4832335
2025-10-01,2429174530.8843594,2126602473.9906104,1341121984.5458434
2025-10-02,2436898525.6561975,2135059730.4626343,1345666841.100411
2025-10-03,2447915873.050273,2144829742.713933,1353539642.7549157
2025-10-06,2451972069.7615504,2148456531.0186496,1357139821.725891
2025-10-07,2437142265.4446135,2120180801.9166908,1362039380.1273832
2025-10-08,2434787522.590803,2136620994.5935109,1361497191.855518
2025-10-09,2465800394.3658233,2187586824.4677525,1375653923.0170808
2025-10-10,2448529363.7661843,2182198669.3440237,1376807823.4022787
2025-10-13,2445732962.3071404,2157507005.134621,1371696437.090367
2025-10-14,2414113812.933073,2135789196.1564403,1344906719.194344
2025-10-15,2411382260.226418,2153035263.1402726,1342347932.4716718
2025-10-16,2429340811.872104,2172267429.0298505,1354616041.152904
2025-10-17,2386291147.595826,2147080956.3935497,1319753253.862318
2025-10-20,2468954186.825111,2235219467.588475,1348650749.0176299
2025-10-21,2502870164.964524,2291086612.3214965,1373510732.5598547
2025-10-22,2507629888.1030226,2280689862.9172783,1359250448.3229449
2025-10-23,2617377139.610429,2398948245.473371,1379557515.7552097
2025-10-24,2669936291.2355623,2459308794.6769047,1379119043.3779926
2025-10-27,2707245774.6589684,2517046671.705366,1353347923.0281525
2025-10-28,2635809994.6569376,2449405099.6841826,1349259448.9738965
2025-10-29,2682912327.857156,2473441581.8175216,1361529755.7156901
2025-10-30,2673603660.6062922,2459972375.5165243,1364504138.7038085
2025-10-31,2637999261.382112,2428269591.4196978,1361138093.8874705
2025-11-03,2691084449.2915773,2494963678.098915,1379679630.230855
2025-11-04,2675096038.7635603,2500883611.89809,1374148821.399927
2025-11-05,2661889663.5953784,2493684446.7726455,1386922646.8296313
2025-11-06,2677180546.781182,2500877953.1919775,1390012305.882759
2025-11-07,2706126988.045122,2519357328.279306,1399604479.3543499
2025-11-10,2692530912.7990484,2511162304.421902,1399046009.1523986
2025-11-11,2704244631.8463526,2534429704.4835305,1394923587.2739131
2025-11-12,2723401067.64435,2553387757.427841,1398600209.9066427
2025-11-13,2695206239.4627914,2522833903.386391,1395837980.4675455
2025-11-14,2692344024.398711,2531127087.464213,1395577306.7668679
2025-11-17,2710191331.950834,2556568098.6002254,1403321155.535091
2025-11-18,2692086518.1540365,2533305814.0765834,1394158499.37917
2025-11-19,2703906212.8023825,2548583547.57731,1401603086.2724116
2025-11-20,2710395839.9516363,2552880328.3584156,1403827197.9221652
2025-11-21,2694117367.5668135,2524718122.510406,1402899290.7265615
2025-11-24,2725220310.3008885,2583727746.0253615,1428892415.1931248
2025-11-25,2719701801.769049,2567778764.1576576,1420827975.2215075
2025-11-26,2745664012.6521688,2603620890.9638796,1434206999.9925103
2025-11-27,2724400651.809535,2567644027.1679077,1424826165.9734364
2025-11-28,2721029119.7122335,2565290215.691125,1418630728.756396
2025-12-01,2735515424.913935,2593517775.680195,1425313484.1409116
2025-12-02,2750025651.616067,2598508153.943708,1436693413.53595
2025-12-03,2765057986.8226223,2616814348.7456913,1435817120.0587192
2025-12-04,2820187737.2904015,2670103726.0151253,1440553696.34005
2025-12-05,2809526533.1520214,2672594546.7272215,1439313990.1832988
2025-12-08,2791280982.772889,2642799025.6805735,1452307784.4884658
2025-12-09,2771913089.8720207,2613723685.923083,1443385123.982013
2025-12-10,2806508360.9161577,2657435875.333924,1450678614.5640562
2025-12-11,2759394813.7361975,2612071694.1450305,1437266700.2942796
2025-12-12,2749632556.3058653,2598488992.483144,1443938709.6049385
2025-12-15,2782319742.856549,2592187257.7535553,1442131903.8232903
2025-12-16,2771159705.408922,2593981381.532441,1448268563.27272
2025-12-17,2784793017.327076,2606884937.0387044,1446747342.544781
2025-12-18,2802426301.650769,2616856455.199376,1436885540.3109653
2025-12-19,2824030091.8590093,2635289843.059806,1435444263.8597488
2025-12-22,2835159262.6542115,2655705017.4454985,1441495280.356926
2025-12-23,2807995143.494093,2634265636.444645,1431314677.9320257
2025-12-24,2816444255.1449776,2642757012.647588,1423500002.7679281
2025-12-29,2824282243.770518,2655551273.4602947,1441230536.1737268
2025-12-30,2832082743.1089544,2651617160.6595726,1441677800.7931905
